CustomerId,CreditScore,Geography,Gender,Age,Tenure,Balance,NumOfProducts,HasCrCard,IsActiveMember,EstimatedSalary,Exited
15656148,376,Germany,Female,29,4,115047.0,4,1,0,119347.0,1
15661507,587,Spain,Male,45,6,0.0,1,0,0,158685.0,0
15738191,577,France,Male,25,3,0.0,2,0,1,124508.0,0
15732963,722,Spain,Female,29,9,0.0,2,1,1,142033.0,0
15794171,475,France,Female,45,0,134264.0,1,1,0,27823.0,1
15619360,472,Spain,Male,40,4,0.0,1,1,0,70154.0,0
15738148,465,France,Female,51,8,122522.0,1,0,0,181298.0,1
15602280,829,Germany,Female,27,9,112046.0,1,1,1,119708.0,1
15771573,637,Germany,Female,39,9,137844.0,1,1,1,117623.0,1
15569590,601,Germany,Male,42,1,98496.0,1,1,0,40015.0,1
15623944,511,Spain,Female,66,4,0.0,1,1,0,1643.0,1
15638424,661,Germany,Female,35,5,150726.0,2,0,1,113657.0,0
15812518,657,Spain,Female,37,0,163607.0,1,0,1,44204.0,0
15731511,808,France,Male,45,7,118627.0,2,1,0,147132.0,0
15804919,670,Spain,Female,65,1,0.0,1,1,1,177656.0,1
15613854,622,Spain,Female,46,4,107073.0,2,1,1,30985.0,1
15744689,479,Germany,Male,35,9,92834.0,1,1,0,99450.0,1
15609618,721,Germany,Male,28,9,154476.0,2,0,1,101301.0,1
15682472,828,France,Male,34,8,129433.0,2,0,0,38132.0,0
15627360,432,France,Male,42,9,152603.0,1,1,0,110265.0,1
15671137,549,France,Female,52,1,0.0,1,0,1,8636.0,1
15594408,584,Spain,Female,48,2,213146.0,1,1,0,75161.0,1
15640905,579,Spain,Female,35,1,129490.0,2,0,1,8591.0,1
15713483,793,Spain,Male,52,2,0.0,1,1,0,159124.0,1
15612350,691,France,Female,31,5,40916.0,1,1,0,126214.0,1
15759618,535,France,Female,48,9,0.0,1,1,0,149893.0,1
15655007,758,France,Female,33,7,0.0,2,0,0,82996.0,0
15724623,704,Germany,Female,24,7,113034.0,1,1,0,162503.0,1
15574692,667,Spain,Female,39,2,0.0,2,1,0,40721.0,1
15762615,597,Spain,Female,40,8,101993.0,1,0,1,94774.0,0
15625426,754,Germany,Female,55,3,161609.0,1,1,0,8081.0,1
15719377,804,France,Female,50,4,0.0,1,1,1,8547.0,1
15708710,525,Spain,Female,37,0,0.0,1,0,1,131522.0,0
15702741,601,France,Male,32,8,93013.0,1,1,0,86957.0,0
15755262,608,Spain,Female,41,3,89764.0,1,0,0,199305.0,1
15774854,592,France,Male,54,8,0.0,1,1,1,28738.0,1
15568748,671,Germany,Male,45,6,99564.0,1,1,1,108872.0,1
15676895,547,Germany,Female,39,6,74596.0,3,1,1,85747.0,1
15711540,712,France,Female,29,2,0.0,1,1,1,144375.0,0
15764866,539,Germany,Female,43,3,116220.0,3,1,0,55804.0,1
15794056,668,France,Female,46,2,0.0,3,1,0,89048.0,1
15576269,523,Spain,Male,34,7,0.0,2,1,0,62030.0,0
15797219,635,France,Female,40,10,123498.0,1,1,0,131953.0,1
15772423,739,Germany,Male,54,8,126418.0,1,1,0,134421.0,1
15782210,714,France,Male,46,1,0.0,1,1,0,152168.0,1
15699389,807,France,Male,42,7,118275.0,1,1,1,25886.0,0
15684173,687,Spain,Female,44,7,0.0,3,1,0,155854.0,1
15594898,731,France,Male,43,2,0.0,1,1,1,170035.0,1
15797960,806,Germany,Female,59,0,135296.0,1,1,0,182822.0,0
15626114,429,France,Male,24,4,95742.0,1,1,0,46171.0,0
15694408,749,France,Male,40,1,139290.0,1,1,0,182855.0,1
15624528,664,Germany,Male,26,7,116244.0,2,1,1,95145.0,0
15598493,656,France,Male,50,7,0.0,2,0,1,72143.0,0
15702669,663,Germany,Male,44,2,117029.0,2,0,1,144680.0,0
15696674,643,Germany,Female,45,2,150843.0,1,0,1,2320.0,1
15583303,593,France,Female,29,2,152265.0,1,1,0,34004.0,0
15774696,640,Germany,Female,75,1,106308.0,2,0,1,113429.0,0
15776433,730,Spain,Male,62,2,0.0,2,1,1,186490.0,0
15646372,616,France,Female,66,1,135842.0,1,1,0,183841.0,1
15810418,756,Germany,Female,60,3,115925.0,1,1,0,93524.0,1
15576313,486,Germany,Female,40,9,71340.0,1,1,0,76192.0,0
15624623,516,France,Male,35,10,104089.0,2,0,0,119666.0,0
15668444,590,Spain,Female,44,3,139432.0,1,1,0,62223.0,0
15707362,514,Germany,Male,43,1,95556.0,1,0,1,199274.0,1
15591986,621,Germany,Male,46,6,141078.0,1,0,0,34581.0,1
15797736,658,France,Male,29,4,80263.0,1,1,1,20613.0,0
15744398,525,France,Female,23,5,0.0,2,1,0,160249.0,0
15585865,673,France,Female,38,2,170062.0,2,0,0,134901.0,1
15782236,735,Spain,Male,34,5,0.0,2,0,0,71095.0,0
15593601,734,France,Male,34,6,133598.0,1,1,1,13107.0,0
15752081,468,France,Female,56,10,0.0,3,0,1,62257.0,1
15600258,701,France,Male,43,2,0.0,2,1,1,165304.0,0
15663478,729,France,Male,32,6,93694.0,1,1,1,79919.0,0
15739803,686,Spain,Male,34,9,0.0,2,1,0,127570.0,0
15762729,745,Germany,Female,28,1,111071.0,1,1,0,73276.0,1
15802593,504,France,Female,49,7,0.0,3,0,1,87822.0,1
15657284,674,Germany,Male,47,6,106902.0,1,1,1,2079.0,1
15775318,590,Spain,Female,51,3,154963.0,3,0,1,191932.0,1
15670080,584,Germany,Female,29,7,105204.0,1,0,1,138490.0,0
15800440,650,Spain,Male,61,1,152969.0,1,0,1,82971.0,0
15665678,607,Spain,Male,36,8,158262.0,1,1,1,76745.0,0
15607312,648,Spain,Female,49,10,0.0,2,1,1,159836.0,1
15761986,439,Spain,Female,32,3,138902.0,1,1,0,75686.0,0
15658032,701,France,Male,39,2,0.0,2,1,1,82527.0,0
15722010,621,Spain,Male,53,9,170492.0,1,1,0,35588.0,1
15591047,519,Spain,Female,47,6,157296.0,2,0,0,147278.0,1
15604044,700,France,Male,38,8,134811.0,1,1,0,1300.0,0
15680970,611,Germany,Female,41,2,114207.0,1,1,0,164062.0,0
15683503,601,France,Female,43,8,0.0,3,0,1,110916.0,1
15592387,566,France,Male,30,5,0.0,1,1,0,54927.0,1
15586585,698,Germany,Female,51,2,111019.0,1,1,0,86410.0,0
15619857,605,France,Female,64,2,129556.0,1,1,1,13602.0,0
15745295,727,Spain,Female,31,0,0.0,1,1,0,121751.0,1
15745307,477,Spain,Female,48,2,129121.0,1,0,1,26476.0,0
15692463,799,Spain,Female,28,3,142254.0,1,1,0,45043.0,0
15712403,589,France,Female,61,1,0.0,1,1,0,61109.0,1
15811762,583,Germany,Female,54,6,115989.0,1,1,0,57554.0,1
15784844,752,Spain,Male,48,5,116060.0,1,1,0,156618.0,1
15568595,544,France,Male,64,9,113829.0,1,1,1,124341.0,0
15645772,661,France,Male,33,9,0.0,2,1,1,84175.0,0
15674991,667,France,Male,42,9,0.0,2,0,1,58137.0,0
15715142,739,Germany,Male,45,7,102704.0,1,0,1,147803.0,1
15665238,745,Germany,Male,36,8,145071.0,1,0,0,6078.0,0
15620204,543,Germany,Female,57,1,106138.0,2,1,1,120657.0,1
15773809,620,France,Male,42,4,0.0,2,1,0,6232.0,0
15696859,474,France,Male,45,10,0.0,2,0,0,172176.0,0
15721658,672,Spain,Female,56,2,209767.0,2,1,1,150694.0,1
15578761,459,Spain,Female,42,6,129634.0,2,1,1,177683.0,1
15736879,669,France,Male,23,1,0.0,2,0,0,66089.0,0
15744607,738,Germany,Male,43,9,121152.0,2,1,0,64167.0,1
15612966,545,Germany,Female,60,7,128981.0,1,0,1,176924.0,1
15661036,725,France,Male,46,6,0.0,2,1,0,161767.0,0
15705639,692,France,Female,28,8,95059.0,2,1,0,44420.0,0
15640059,606,France,Male,40,5,0.0,2,1,1,70899.0,0
15637876,663,Germany,Female,36,6,77254.0,1,0,0,35818.0,1
15672056,710,Germany,Male,43,2,140080.0,3,1,1,157908.0,1
15628936,692,Spain,Male,28,9,118945.0,1,0,0,16064.0,1
15737051,639,France,Male,27,8,0.0,2,1,0,192247.0,0
15654060,517,France,Male,41,2,0.0,2,0,1,75937.0,0
15567367,601,Germany,Female,42,9,133636.0,1,0,1,103316.0,0
15762238,671,Germany,Female,44,0,84745.0,2,0,1,34674.0,0
15775306,421,Germany,Male,28,8,122384.0,3,1,1,89017.0,1
15747807,720,France,Female,43,6,137824.0,2,1,0,172558.0,0
15757811,732,Spain,Female,69,9,137453.0,1,0,1,110932.0,1
15603830,600,Spain,Male,36,4,0.0,2,1,0,143635.0,0
15726234,708,Spain,Female,41,5,0.0,1,0,1,157004.0,0
15797964,732,Germany,Female,29,1,154334.0,1,1,1,138528.0,0
15693864,567,Germany,Female,49,5,134956.0,1,1,0,93954.0,1
15809100,548,France,Female,32,2,172449.0,1,1,0,188084.0,1
15756804,636,France,Female,48,1,170833.0,1,1,0,110510.0,1
15646810,603,Germany,Male,44,6,108122.0,2,1,0,108488.0,1
15692750,629,Germany,Female,45,7,129818.0,3,1,0,9218.0,1
15669987,728,Germany,Female,35,8,125885.0,2,1,0,54359.0,1
15794580,599,France,Male,58,4,0.0,1,0,0,176407.0,1
15599660,604,France,Male,36,6,116230.0,2,1,1,79633.0,0
15792328,475,France,Male,39,6,0.0,1,1,1,57000.0,1
15743411,609,Spain,Male,61,1,0.0,1,1,0,22448.0,1
15741336,715,France,Female,38,5,118590.0,1,1,1,5684.0,1
15660429,665,Spain,Female,42,2,156372.0,2,0,1,156775.0,1
15619529,531,Spain,Male,27,8,132576.0,1,0,0,7223.0,0
15731815,529,Spain,Male,63,4,96134.0,3,1,0,108733.0,1
15580956,683,Germany,Female,43,4,115888.0,1,1,1,117349.0,1
15705620,730,France,Male,34,5,122453.0,2,1,0,138883.0,0
15681206,722,France,Female,49,3,168198.0,1,1,0,140766.0,1
15569050,444,France,Male,45,6,0.0,1,1,0,130010.0,1
15770424,541,Germany,Male,40,7,95710.0,2,1,0,49063.0,0
15759805,582,France,Female,32,4,0.0,2,1,0,59669.0,0
15593969,630,Spain,Female,39,7,135483.0,1,1,0,140881.0,1
15688963,731,France,Female,52,10,0.0,1,1,1,24999.0,1
15648075,686,Germany,Female,47,5,170936.0,1,1,0,173180.0,1
15663438,688,Spain,Male,36,0,89772.0,1,1,0,177384.0,1
15708063,712,France,Male,36,2,100750.0,3,0,0,70758.0,1
15689081,692,France,Male,29,4,0.0,1,1,0,76756.0,1
15660316,420,Germany,Female,34,1,135550.0,1,0,0,149471.0,1
15616330,595,France,Male,31,4,0.0,2,1,0,189996.0,0
15714750,690,France,Female,42,3,92578.0,2,0,0,70811.0,0
15592583,731,France,Female,47,1,115414.0,3,0,0,191735.0,1
15789955,698,Germany,Male,56,1,112415.0,2,0,0,93982.0,1
15627305,606,Spain,Male,35,7,0.0,1,1,0,106837.0,1
15593973,663,Spain,Female,33,8,122528.0,1,1,0,196260.0,0
15685309,669,France,Female,35,7,0.0,1,1,1,49108.0,1
15762110,628,France,Male,37,0,0.0,2,1,1,171708.0,0
15706899,559,France,Male,34,4,0.0,2,1,1,66722.0,0
15698510,468,Germany,Male,42,9,181627.0,2,1,0,172668.0,0
15694821,765,Germany,Male,43,4,148963.0,1,0,1,173879.0,1
15690007,434,Germany,Female,58,9,125801.0,2,1,0,60892.0,1
15588670,705,Spain,Female,40,5,203715.0,1,1,0,179979.0,1
15782454,552,France,Male,49,4,0.0,1,1,1,190297.0,1
15589572,785,Spain,Female,61,4,129856.0,2,1,0,170215.0,1
15578866,676,France,Female,43,2,0.0,1,1,1,55120.0,0
15813444,590,Spain,Female,34,6,0.0,2,1,0,171021.0,0
15724307,780,France,Male,76,10,121314.0,1,0,1,64872.0,0
15682528,572,France,Male,33,5,0.0,1,0,1,41139.0,0
15774155,662,Germany,Male,33,0,103472.0,1,1,1,162703.0,0
15593331,693,Germany,Male,25,6,146581.0,1,0,1,14633.0,0
15803681,803,France,Female,26,4,0.0,2,1,1,181208.0,0
15702789,548,Germany,Male,32,5,175215.0,1,1,1,155166.0,0
15814930,588,Germany,Female,40,10,125535.0,1,1,0,121504.0,1
15610383,628,France,Female,46,1,46870.0,4,1,0,31272.0,1
15781989,733,France,Male,42,9,120095.0,1,1,0,184056.0,0
15723339,554,France,Female,38,4,137654.0,2,1,1,172630.0,0
15641690,681,Spain,Male,67,7,0.0,2,0,1,163715.0,0
15779182,790,Spain,Male,46,8,182365.0,1,0,0,139266.0,1
15688880,672,Germany,Male,40,10,102980.0,1,1,0,1286.0,1
15683930,593,Germany,Female,32,9,134097.0,2,1,0,53931.0,1
15709117,823,Spain,Female,46,3,81577.0,1,1,1,28371.0,1
15638806,645,Spain,Male,49,2,0.0,2,0,0,10023.0,0
15644833,675,France,Male,54,2,0.0,1,1,0,149584.0,1
15665077,598,France,Female,43,5,0.0,3,1,1,100723.0,1
15765537,687,Germany,Male,26,2,142722.0,1,1,1,153606.0,0
15645572,743,France,Female,40,6,0.0,1,1,0,28281.0,1
15691104,460,Germany,Female,40,6,119508.0,2,1,0,91561.0,1
15635435,648,France,Female,54,9,120633.0,1,0,0,5924.0,1
15808228,768,Spain,Female,44,6,60603.0,1,1,1,178046.0,0
15704586,758,France,Female,42,7,0.0,2,0,1,76210.0,0
15775295,630,France,Female,40,0,118633.0,1,0,1,60032.0,1
15684196,627,France,Female,55,2,159441.0,1,1,0,100686.0,1
15787835,775,Germany,Female,38,4,125213.0,2,1,1,15796.0,1
15730540,794,Spain,Male,45,8,88656.0,2,1,0,116547.0,0
15748797,636,Spain,Female,33,0,0.0,1,1,0,92277.0,1
15670481,684,France,Female,27,9,122550.0,2,0,1,137836.0,0
15579062,707,France,Male,32,9,0.0,2,0,0,30807.0,0
15814268,444,France,Female,40,5,84350.0,1,1,0,143836.0,0
15710164,523,France,Female,73,7,0.0,2,0,0,130884.0,1
15705657,535,France,Female,44,2,114428.0,1,1,1,136330.0,0
15794874,696,Spain,Male,41,9,127524.0,1,0,1,191417.0,0
15583668,726,France,Female,42,2,109472.0,1,0,1,175161.0,0
15796334,558,Germany,Male,39,10,144757.0,1,1,0,22878.0,1
15598751,556,France,Female,43,6,0.0,3,0,0,125155.0,1
15774882,687,France,Female,35,3,99587.0,1,1,1,1713.0,1
15571778,817,France,Female,55,10,117561.0,1,1,0,95942.0,1
15630725,649,France,Female,45,5,92787.0,1,1,0,173366.0,1
15716491,710,Spain,Female,51,4,93657.0,1,0,1,141401.0,1
15634891,504,Germany,Female,43,7,102365.0,1,1,0,194691.0,1
15583595,461,France,Female,28,8,0.0,1,1,1,103350.0,0
15762277,710,France,Male,47,5,158623.0,1,0,0,83500.0,1
15701765,575,Spain,Female,37,0,0.0,2,0,0,30114.0,0
15729040,440,France,Male,42,2,0.0,2,1,0,49827.0,0
15634375,710,Spain,Female,36,8,0.0,2,0,0,83206.0,0
15591130,507,Spain,Female,29,6,0.0,2,0,1,94781.0,0
15709994,658,France,Female,40,7,140597.0,1,0,1,135459.0,1
15634281,720,Germany,Female,43,10,110823.0,1,0,0,72862.0,0
15670823,651,Germany,Female,42,1,116647.0,1,1,0,44732.0,1
15725141,716,France,Female,44,3,109528.0,1,1,0,27342.0,1
15576714,687,Spain,Female,21,8,0.0,2,1,1,154767.0,0
15748718,517,France,Male,28,2,115063.0,1,1,0,179056.0,0
15750248,619,France,Female,35,8,132293.0,1,1,0,65683.0,0
15777797,689,Spain,Male,38,5,75075.0,1,1,1,8652.0,1
15634950,657,Germany,Male,57,8,107175.0,1,1,1,126370.0,1
15685372,350,Spain,Male,54,1,152677.0,1,1,1,191973.0,1
15735222,705,Spain,Female,23,5,0.0,2,1,1,73132.0,0
15678626,538,Spain,Female,31,0,0.0,2,0,0,179454.0,0
15723053,504,Germany,Male,32,8,170291.0,2,0,1,15659.0,0
15651533,570,Germany,Female,50,5,129294.0,1,1,0,177805.0,1
15585067,634,Spain,Male,31,9,108632.0,1,1,1,179486.0,1
15633233,500,France,Male,56,1,100375.0,1,1,0,118491.0,1
15663441,700,Germany,Female,40,4,148571.0,1,1,0,189827.0,1
15582259,567,France,Female,37,7,0.0,2,1,1,28691.0,0
15675896,680,Germany,Female,42,7,105723.0,1,1,1,90558.0,1
15801767,784,Spain,Female,40,8,0.0,2,1,0,108891.0,0
15662758,620,France,Male,41,0,97925.0,1,1,0,85000.0,0
15709387,711,France,Male,52,5,0.0,1,1,1,159809.0,0
15700854,595,Spain,Male,35,8,0.0,1,1,0,100016.0,1
15669410,683,France,Male,30,8,110830.0,2,0,0,24939.0,0
15605279,792,France,Male,50,9,0.0,4,1,1,194701.0,1
15684269,707,Spain,Female,35,3,56674.0,1,1,0,17987.0,1
15762745,648,Spain,Male,32,8,0.0,1,1,0,133653.0,0
15752508,614,Germany,Male,32,7,99463.0,2,1,1,51117.0,0
15578603,584,Germany,Female,54,1,77354.0,1,0,0,138193.0,1
15765694,584,Spain,Female,59,1,0.0,1,0,1,130260.0,1
15689980,725,Spain,Female,36,4,118520.0,1,0,0,131174.0,1
15674851,622,France,Male,38,5,0.0,2,0,0,105296.0,0
15610446,714,France,Female,51,4,88309.0,3,0,0,5863.0,1
15683471,691,France,Male,38,7,0.0,2,0,0,81617.0,0
15589076,737,France,Male,36,9,0.0,1,0,1,188671.0,1
15758845,590,Spain,Female,37,0,64345.0,1,0,1,61759.0,1
15711455,740,Germany,Female,36,4,109045.0,1,0,0,94555.0,1
15641183,731,Spain,Male,25,8,96950.0,1,1,0,97878.0,0
15643630,770,Spain,Male,55,9,63127.0,2,1,0,185211.0,1
15781034,796,Spain,Male,67,5,0.0,2,0,1,54871.0,0
15622017,773,Spain,Female,33,10,0.0,1,1,1,98820.0,0
15638355,658,France,Female,35,5,126398.0,1,0,0,156362.0,1
15757931,804,France,Male,24,3,0.0,2,1,0,173195.0,0
15697879,701,France,Male,30,3,156661.0,2,1,0,45742.0,0
15615456,680,France,Female,37,10,123806.0,1,1,0,81777.0,1
15692416,358,Spain,Female,52,8,143542.0,3,1,0,141959.0,1
15700174,733,Spain,Female,30,0,83319.0,1,0,0,57769.0,0
15585901,717,Spain,Male,35,1,0.0,3,0,0,174770.0,1
15758606,738,France,Male,54,4,0.0,1,0,1,55725.0,1
15657107,563,Spain,Female,46,8,106172.0,1,1,0,163146.0,1
15775803,841,Spain,Male,41,1,0.0,2,0,1,193094.0,0
15732917,729,Germany,Male,46,5,117837.0,1,1,0,104017.0,1
15780124,841,France,Male,74,9,108132.0,1,0,1,60830.0,0
15696703,691,Germany,Male,27,3,160359.0,2,1,0,142368.0,0
15633043,545,Spain,Female,39,6,0.0,1,0,0,38411.0,1
15666043,520,France,Male,33,4,156298.0,2,1,1,166103.0,0
15746190,624,Spain,Female,28,2,0.0,2,0,1,104353.0,0
15658716,667,Germany,Female,37,5,92171.0,3,1,0,178106.0,1
15723008,720,France,Female,45,1,102882.0,2,1,1,35633.0,1
15797160,492,France,Female,49,8,0.0,1,1,1,182865.0,1
15610686,850,France,Male,63,8,169833.0,1,0,0,184107.0,1
15772262,545,Germany,Male,37,9,110484.0,1,1,1,127395.0,0
15750684,719,France,Female,42,4,0.0,1,1,0,28466.0,1
15687477,594,Germany,Male,28,5,185013.0,1,1,0,16481.0,0
15757408,655,Spain,Male,38,3,250898.0,3,0,1,81054.0,1
15813022,531,Spain,Male,70,1,0.0,2,0,0,99503.0,0
15802351,755,Germany,Female,33,6,90560.0,2,1,1,42608.0,0
15718893,404,Germany,Female,54,4,125456.0,1,1,0,83716.0,1
15777923,544,France,Female,45,6,0.0,2,0,1,151401.0,0
15765518,643,France,Female,51,2,105230.0,1,1,0,34968.0,1
15612109,819,France,Male,38,9,122334.0,2,1,1,181507.0,0
15613712,634,Spain,Male,34,1,0.0,2,1,0,61996.0,0
15648794,836,Spain,Male,57,4,101247.0,1,1,0,37142.0,1
15586821,727,France,Male,28,5,0.0,2,0,1,19653.0,0
15794479,767,Spain,Male,77,8,149084.0,1,1,1,190147.0,0
15805260,705,Germany,Female,56,2,143250.0,1,1,0,88428.0,1
15583548,525,Spain,Female,47,6,118560.0,1,1,0,82523.0,1
15710161,850,France,Female,34,2,0.0,2,1,1,171707.0,0
15803749,498,Germany,Female,41,4,87541.0,2,1,1,12577.0,1
15639077,622,France,Female,30,2,158585.0,3,1,0,142343.0,1
15780038,756,Spain,Male,38,6,119209.0,1,1,0,169764.0,1
15739576,706,Spain,Male,20,8,0.0,2,1,1,12368.0,0
15570835,491,Germany,Female,57,4,112045.0,1,1,1,41230.0,1
15808044,580,France,Female,65,9,106804.0,3,1,0,107891.0,1
15579208,550,France,Female,48,6,0.0,2,1,1,191870.0,0
15684951,542,France,Female,59,2,68893.0,2,1,0,7905.0,1
15778320,848,Germany,Female,40,5,148496.0,1,0,0,158854.0,0
15579166,619,France,Female,30,7,70729.0,1,1,1,160949.0,0
15801265,689,Spain,Female,45,0,57784.0,1,1,0,197804.0,1
15614034,607,Germany,Male,61,2,164524.0,2,1,1,35787.0,0
15624388,649,Germany,Female,50,5,155393.0,1,1,1,87351.0,1
15627212,630,France,Female,36,2,110414.0,1,1,1,48985.0,0
15746708,589,Germany,Male,55,7,119961.0,1,1,0,65157.0,1
15678284,651,France,Male,35,7,74624.0,3,1,0,129451.0,1
15813144,554,France,Female,26,7,92607.0,2,1,0,192710.0,0
15710366,569,Spain,Female,42,1,0.0,1,1,1,83630.0,1
15614934,625,Germany,Female,37,4,142712.0,1,1,0,35625.0,0
15665438,669,France,Male,43,1,163160.0,1,0,1,15603.0,0
15751057,701,Germany,Male,32,5,102500.0,1,0,0,106288.0,0
15682600,620,Germany,Male,39,9,159493.0,1,1,0,80582.0,1
15604073,815,Germany,Female,25,8,135162.0,1,1,1,136071.0,0
15806027,556,France,Female,52,9,0.0,1,1,0,175149.0,1
15782941,573,France,Male,31,2,0.0,2,1,1,91957.0,0
15661821,798,Germany,Female,49,5,132572.0,1,1,1,31686.0,1
15613189,774,France,Female,52,2,56581.0,1,1,0,113266.0,1
15586976,566,France,Female,42,6,0.0,1,1,0,180702.0,1
15772632,680,France,Female,34,1,0.0,2,1,0,167035.0,0
15567980,537,Germany,Female,46,5,100728.0,1,0,1,140858.0,1
15726403,660,Germany,Male,41,1,129901.0,1,1,0,26026.0,1
15693199,739,France,Female,37,8,0.0,2,1,0,191557.0,1
15760294,512,France,Female,41,8,145150.0,1,1,0,64869.0,1
15652808,774,France,Female,41,5,126670.0,1,1,0,102426.0,0
15633141,696,Germany,Female,35,4,174902.0,1,1,0,69080.0,0
15634974,614,France,Female,37,8,75150.0,4,0,1,131767.0,1
15679642,695,Spain,Male,44,8,0.0,2,1,1,70974.0,0
15628007,653,France,Male,33,1,0.0,2,0,0,53380.0,0
15798666,814,France,Female,36,6,0.0,2,1,1,98657.0,0
15690231,612,Spain,Female,62,0,167027.0,2,1,1,192892.0,0
15742269,756,France,Female,24,1,0.0,2,1,0,184182.0,0
15791102,549,Germany,Male,41,9,95021.0,3,1,1,131711.0,1
15755178,660,France,Male,50,1,0.0,3,1,1,191849.0,1
15617197,524,France,Male,50,4,0.0,2,1,1,31841.0,1
15631240,645,France,Female,36,8,0.0,2,1,1,12097.0,1
15711834,650,Spain,Female,30,6,0.0,1,0,0,67997.0,1
15775905,612,Germany,Female,47,6,130025.0,1,1,1,45750.0,1
15611905,513,Spain,Female,31,5,174853.0,1,1,0,84239.0,0
15737310,633,France,Male,29,10,130206.0,1,1,0,184655.0,0
15683521,594,Germany,Male,28,0,142575.0,2,1,0,129085.0,0
15733768,600,France,Male,32,1,0.0,1,1,1,101986.0,0
15746564,566,France,Male,42,3,108011.0,1,1,1,157486.0,0
15588446,550,Spain,Male,34,3,0.0,2,0,0,131281.0,0
15787026,627,Germany,Male,27,0,185267.0,2,1,1,77027.0,0
15707144,571,Germany,Male,25,6,82507.0,2,1,0,167705.0,0
15680278,661,Spain,Female,42,9,75361.0,1,1,0,27608.0,1
15687162,461,France,Male,51,9,119890.0,1,0,0,56768.0,1
15785078,730,Spain,Male,26,3,0.0,1,1,0,34542.0,0
15759874,532,France,Male,44,3,148596.0,1,1,0,74839.0,1
15815490,670,Germany,Male,40,2,164949.0,3,0,0,177028.0,1
15679410,729,France,Female,62,4,140549.0,1,1,0,30990.0,1
15688409,742,France,Female,28,2,191865.0,1,1,0,108458.0,1
15641994,667,Germany,Male,43,1,103018.0,1,1,0,32462.0,1
15631927,574,Spain,Female,28,7,0.0,2,0,0,185660.0,0
15636999,414,France,Male,38,8,0.0,1,0,1,77661.0,1
15627352,459,Germany,Male,46,7,110356.0,1,1,0,4969.0,1
15701318,763,Spain,Male,67,9,148565.0,1,0,1,87236.0,0
15806688,726,Spain,Female,56,8,123111.0,3,0,1,130114.0,1
15767474,481,France,Female,57,9,0.0,3,1,1,169719.0,1
15659475,597,France,Female,33,6,135704.0,2,0,0,74851.0,0
15585100,511,Germany,Female,40,9,124402.0,1,1,0,198814.0,1
15726589,540,Germany,Male,39,1,82531.0,1,1,0,114093.0,0
15747503,705,Spain,Male,44,0,184552.0,1,1,0,68860.0,1
15646817,769,France,Male,51,9,156774.0,2,1,0,40258.0,0
15751175,648,France,Female,44,2,0.0,2,1,1,58652.0,0
15643496,730,France,Female,34,5,74197.0,2,1,0,96876.0,0
15579262,497,France,Male,41,9,0.0,1,0,0,22074.0,0
15628972,699,Germany,Male,32,1,123906.0,3,1,1,127444.0,1
15621083,698,France,Male,57,6,136325.0,2,1,1,72549.0,1
15581198,668,Germany,Female,39,0,122105.0,1,1,0,112947.0,1
15591915,533,France,Female,39,2,0.0,1,0,1,73670.0,1
15798850,576,France,Male,32,7,0.0,2,1,0,4661.0,0
15595324,579,Germany,Female,39,5,117833.0,3,0,0,5831.0,1
15595228,815,France,Male,45,7,0.0,1,0,1,52885.0,1
15655123,505,Spain,Female,45,9,131355.0,3,1,0,195395.0,1
15595917,580,France,Female,35,1,102097.0,1,0,1,168286.0,0
15798659,526,Spain,Female,43,3,0.0,2,1,0,31705.0,0
15663939,523,Germany,Male,35,8,138783.0,1,1,1,186119.0,0
15768816,570,Germany,Male,42,0,107857.0,2,1,0,127529.0,0
15682268,676,Germany,Female,26,1,108349.0,1,0,0,60232.0,1
15636428,703,Spain,Female,45,1,0.0,1,1,0,182784.0,1
15689237,471,France,Female,27,4,0.0,2,1,0,122642.0,0
15800061,495,Spain,Female,45,3,89159.0,3,1,0,135170.0,1
15687491,817,Germany,Male,45,9,101208.0,1,0,0,88211.0,1
15699247,791,France,Female,44,5,0.0,2,1,1,123978.0,1
15610140,601,France,Female,34,5,0.0,2,1,0,27023.0,0
15794661,674,Spain,Male,32,2,0.0,2,1,0,140579.0,0
15644296,740,France,Female,30,8,105210.0,1,1,0,1853.0,0
15609653,614,Germany,Female,44,6,118716.0,1,1,0,133591.0,1
15584114,678,Germany,Female,43,2,153393.0,2,1,1,193828.0,0
15779581,734,Spain,Female,43,3,55853.0,2,0,1,94812.0,1
15689751,666,France,Female,31,2,79589.0,1,0,0,4051.0,0
15735549,810,Germany,Male,35,3,96814.0,2,1,1,120511.0,0
15779529,620,France,Male,32,7,0.0,2,1,1,34666.0,0
15732987,721,Spain,Male,43,3,88798.0,1,0,0,45611.0,0
15795224,760,France,Male,39,6,178585.0,1,1,0,67131.0,1
15721007,776,Germany,Male,33,8,115130.0,1,0,0,129526.0,1
15794253,832,Spain,Female,34,6,138190.0,2,0,1,146511.0,0
15813113,795,Spain,Female,56,5,0.0,1,1,0,35419.0,1
15614187,648,Germany,Female,39,3,126936.0,2,0,1,57996.0,0
15775590,482,Germany,Female,48,2,69329.0,1,0,0,102641.0,1
15584320,686,France,Female,39,3,111696.0,1,0,0,136644.0,0
15794493,641,Spain,Male,32,7,0.0,2,1,1,24267.0,0
15583137,637,France,Female,48,7,130807.0,2,1,1,132006.0,1
15764604,586,France,Female,35,7,164769.0,3,1,0,119814.0,1
15750447,678,France,Female,60,10,117739.0,1,1,0,147490.0,1
15631070,667,Germany,Male,55,9,154393.0,1,1,1,137675.0,1
15596522,692,France,Female,42,2,0.0,2,1,0,145223.0,0
15678201,548,France,Female,46,1,0.0,1,1,1,104469.0,1
15733973,850,France,Female,42,8,0.0,1,1,0,19633.0,1
15596761,515,Germany,Male,60,9,113715.0,1,1,0,18424.0,1
15594762,827,Spain,Male,46,1,183276.0,1,1,1,13460.0,0
15667417,572,France,Male,33,9,68194.0,1,1,0,19998.0,0
15588080,675,France,Male,54,6,0.0,1,1,0,110274.0,1
15716781,815,France,Male,24,7,171923.0,1,0,1,178029.0,0
15579212,638,France,Male,57,6,0.0,1,1,0,33676.0,1
15699619,641,France,Male,31,10,155978.0,1,1,0,91511.0,0
15606472,585,France,Female,38,5,0.0,1,1,1,87364.0,0
15778368,552,Germany,Male,50,4,121176.0,1,1,0,117505.0,1
15807525,447,France,Male,43,2,0.0,2,1,0,33879.0,1
15706071,528,Germany,Male,39,0,127632.0,1,0,1,22198.0,1
15630113,593,Spain,Male,35,4,161638.0,1,1,1,20008.0,0
15784320,632,France,Female,44,3,133794.0,1,1,1,34607.0,1
15799626,637,Germany,Male,50,4,126346.0,1,0,1,17323.0,1
15739223,688,Spain,Female,24,3,0.0,2,1,1,102195.0,0
15631305,599,Spain,Female,28,4,126834.0,2,1,0,60843.0,1
15694510,725,France,Male,45,1,129855.0,1,0,0,24219.0,0
15670668,658,Germany,Male,29,5,75396.0,2,0,1,54915.0,0
15625175,742,Germany,Female,43,6,97068.0,1,0,1,60920.0,1
15628219,665,Germany,Female,37,3,111912.0,1,1,1,110360.0,1
15665766,698,Germany,Male,39,9,133191.0,2,0,1,53289.0,0
15600626,710,France,Male,30,6,0.0,2,1,1,8991.0,0
15715745,690,France,Female,26,5,157625.0,1,1,1,49599.0,0
15710689,578,Spain,Male,40,6,63610.0,1,0,0,74966.0,1
15660147,493,Spain,Male,32,8,46161.0,1,1,1,79577.0,0
15674678,731,Germany,Female,43,9,79120.0,1,0,0,549.0,1
15719090,676,Germany,Female,34,4,89437.0,1,1,1,189541.0,0
15789974,713,France,Male,33,6,94598.0,1,0,0,197520.0,1
15713370,657,Spain,Male,36,8,188241.0,2,0,0,183059.0,1
15713596,428,France,Female,62,1,107736.0,1,0,1,58382.0,0
15770554,769,France,Male,31,4,61297.0,2,1,1,7118.0,0
15728456,604,France,Male,33,3,0.0,1,1,0,42171.0,1
15787161,591,Germany,Male,46,4,129269.0,1,1,0,163504.0,0
15710853,623,France,Female,24,5,0.0,2,1,0,116160.0,0
15808557,695,France,Female,42,5,0.0,1,0,1,72172.0,1
15761023,554,Germany,Female,43,2,120847.0,1,1,0,7612.0,1
15636024,692,Spain,Female,34,4,109699.0,1,1,1,37899.0,0
15662865,658,Spain,Male,36,1,0.0,2,0,1,84927.0,0
15651823,590,France,Female,60,6,147752.0,1,1,0,88206.0,1
15727353,650,France,Female,64,7,142028.0,1,1,0,32275.0,1
15687270,491,Spain,Female,61,8,0.0,2,0,1,139862.0,0
15761670,695,France,Female,50,8,0.0,1,1,0,126382.0,1
15687884,677,France,Male,37,3,88363.0,1,0,1,117946.0,0
15628886,677,Spain,Male,56,5,123960.0,1,1,1,60591.0,1
15632079,720,Germany,Female,37,8,156283.0,1,1,0,45986.0,0
15573599,506,France,Female,57,6,0.0,2,0,1,194421.0,1
15747208,608,France,Male,50,6,0.0,1,1,0,93569.0,1
15639357,415,France,Male,46,9,134950.0,3,0,0,178587.0,1
15627162,695,Germany,Male,27,6,125553.0,1,1,0,105291.0,0
15607263,788,France,Male,55,3,0.0,1,0,1,13288.0,1
15602731,724,France,Male,31,5,0.0,1,1,0,134890.0,1
15748696,733,France,Male,42,9,150507.0,1,0,1,169964.0,0
15706904,750,France,Male,43,6,113882.0,1,1,1,74564.0,0
15791743,727,France,Male,32,1,59272.0,1,1,1,46019.0,0
15666270,676,France,Female,40,2,147803.0,1,1,0,95181.0,1
15757628,571,France,Male,40,10,112897.0,1,1,1,121403.0,0
15698335,504,France,Female,73,8,0.0,1,1,1,34596.0,0
15703541,772,Germany,Female,51,9,143931.0,1,0,1,46676.0,1
15568573,554,Germany,Female,51,7,105702.0,1,0,1,179798.0,1
15718507,647,Germany,Male,37,3,116510.0,1,1,1,149518.0,1
15572792,535,Spain,Male,35,8,118990.0,1,1,1,135537.0,0
15652218,750,France,Male,33,2,152303.0,1,1,0,71333.0,0
15680449,431,Germany,Female,44,2,138844.0,1,1,0,37688.0,1
15760825,604,France,Female,40,1,0.0,2,1,0,123207.0,0
15740383,594,Spain,Female,38,10,0.0,2,1,0,58333.0,0
15698117,701,Germany,Male,41,0,150845.0,1,0,1,127623.0,0
15602554,664,France,Female,31,9,114520.0,2,0,1,79222.0,0
15728167,667,France,Male,44,2,122807.0,1,0,0,15121.0,0
15677804,783,Spain,Male,38,1,0.0,3,1,1,80179.0,1
15667889,611,France,Female,37,6,0.0,2,1,0,110783.0,0
15753847,645,Spain,Male,45,4,0.0,1,0,1,174917.0,1
15757541,778,France,Female,33,9,151773.0,2,0,0,180250.0,1
15719579,670,Germany,Female,33,9,84521.0,2,0,1,198017.0,0
15732266,553,Germany,Male,53,5,127998.0,1,1,0,165379.0,1
15705765,581,Spain,Female,46,1,0.0,2,1,0,104272.0,0
15648362,728,Germany,Male,45,3,108924.0,2,1,0,84300.0,1
15723717,483,Germany,Male,41,1,118334.0,1,0,0,163148.0,1
15603170,654,France,Male,32,9,121456.0,1,1,0,190069.0,1
15668695,536,France,Female,22,5,89493.0,1,0,0,42934.0,0
15814092,626,France,Female,44,2,0.0,1,0,1,173117.0,1
15714256,666,France,Male,30,7,109805.0,1,0,1,163626.0,0
15602811,730,Germany,Male,38,0,38848.0,2,0,0,94003.0,0
15792064,545,Germany,Male,53,5,114422.0,1,1,0,180598.0,1
15677052,589,France,Female,59,2,0.0,2,1,1,126160.0,1
15640769,660,France,Male,63,8,137842.0,1,1,1,42790.0,0
15606641,762,Germany,Male,56,10,100261.0,3,1,1,77142.0,1
15569079,632,Germany,Male,48,6,126066.0,1,1,0,64346.0,1
15684461,469,Spain,Female,31,6,0.0,1,1,0,146214.0,1
15767391,565,Germany,Female,32,4,90323.0,2,0,1,118740.0,0
15634143,581,Spain,Male,30,0,53292.0,1,0,0,196582.0,0
15609676,718,France,Female,35,2,167925.0,1,1,0,43025.0,0
15761600,713,France,Male,43,5,86394.0,1,1,1,130001.0,0
15690440,656,Spain,Male,47,1,0.0,2,1,1,197962.0,0
15681220,503,France,Female,37,8,0.0,2,1,1,97893.0,0
15798470,764,Spain,Female,48,1,75991.0,1,1,0,158324.0,1
15663386,597,Spain,Female,26,7,0.0,2,1,0,110253.0,0
15693337,683,Spain,Male,41,0,148863.0,1,1,1,163911.0,0
15667085,667,France,Male,33,4,0.0,2,1,1,131835.0,0
15647008,624,Germany,Male,54,3,116726.0,1,1,0,110498.0,1
15663964,561,France,Male,37,5,0.0,2,1,0,83093.0,0
15648225,652,Spain,Female,38,1,103895.0,1,0,1,159649.0,0
15664759,675,Spain,Male,32,10,0.0,2,1,0,191546.0,0
15609623,637,France,Female,63,5,0.0,1,1,0,28093.0,1
15654562,850,Spain,Female,45,5,174088.0,4,1,0,5669.0,1
15715597,679,France,Male,36,1,97235.0,1,1,0,188997.0,0
15747168,626,Germany,Female,47,2,103109.0,1,0,1,166475.0,1
15628558,447,France,Female,44,5,89189.0,1,1,1,75408.0,0
15729201,682,France,Male,55,9,0.0,1,1,0,153357.0,1
15773512,627,Spain,Female,25,4,0.0,1,1,1,194314.0,0
15574213,789,France,Female,53,1,158272.0,1,1,1,5036.0,1
15735270,767,Spain,Male,47,2,0.0,1,1,0,48161.0,1
15808326,592,France,Female,34,9,0.0,2,1,1,20460.0,0
15622518,768,France,Female,26,5,51116.0,1,1,1,70455.0,1
15631359,489,France,Female,38,5,117290.0,1,0,0,85232.0,0
15599869,728,Spain,Female,29,1,0.0,1,1,1,83056.0,0
15761294,667,Germany,Female,56,8,137464.0,1,1,0,130847.0,1
15690021,502,Germany,Female,42,0,132003.0,1,0,1,28205.0,1
15602994,487,France,Female,53,10,89551.0,1,0,1,90077.0,0
15657529,714,Germany,Male,53,1,99142.0,1,1,1,72496.0,1
15598884,650,Spain,Female,23,5,0.0,1,1,1,180622.0,0
15680001,602,France,Male,38,7,111836.0,2,1,0,124390.0,0
15675380,573,Spain,Male,56,3,154670.0,1,0,1,115462.0,1
15654000,705,France,Female,35,5,0.0,1,1,0,133991.0,1
15720687,576,France,Female,41,4,112610.0,1,0,0,191035.0,1
15803685,673,Germany,Female,77,10,76511.0,2,0,1,59596.0,0
15579566,616,Spain,Female,43,3,120867.0,1,1,0,18762.0,1
15577970,489,France,Male,34,5,0.0,1,0,0,43541.0,0
15581811,678,Germany,Female,30,1,139677.0,2,0,1,16146.0,0
15810460,708,Spain,Female,64,5,0.0,3,0,1,112520.0,1
15771742,580,Germany,Male,38,9,115442.0,2,1,0,128482.0,1
15772412,554,Spain,Male,30,6,135370.0,1,1,1,179689.0,1
15654577,549,Germany,Male,54,5,92877.0,1,1,0,2620.0,1
15637110,634,Spain,Female,35,10,0.0,1,1,0,82634.0,0
15716328,501,France,Female,40,2,0.0,2,0,0,141947.0,0
15675854,573,Spain,Male,50,0,159304.0,1,0,1,155915.0,1
15680370,492,France,Male,39,7,0.0,2,0,1,71323.0,0
15605375,651,France,Male,35,2,86912.0,1,1,0,174094.0,0
15572547,670,France,Female,45,9,104930.0,1,1,0,155922.0,1
15616859,602,Germany,Female,43,2,113641.0,4,1,0,115116.0,1
15623450,637,Germany,Female,27,7,135843.0,1,1,1,101418.0,0
15795963,687,France,Male,34,7,129895.0,1,0,1,28698.0,0
15774630,601,Germany,Female,47,1,142802.0,1,1,1,57553.0,0
15749557,707,France,Female,44,6,0.0,2,1,1,192542.0,0
15724428,544,France,Male,40,8,0.0,2,1,0,61581.0,0
15743617,713,Germany,Male,47,1,95995.0,1,1,0,197529.0,0
15593795,516,Germany,Female,53,1,156674.0,1,1,0,118502.0,1
15774192,539,Germany,Female,38,8,105436.0,1,0,0,80575.0,1
15630580,751,Germany,Male,34,9,108513.0,2,1,1,27098.0,0
15660646,528,France,Male,35,3,156687.0,1,1,0,199321.0,0
15776128,716,France,Female,44,6,155115.0,1,0,0,133872.0,0
15751748,666,France,Male,51,2,148223.0,1,0,0,156954.0,1
15812210,497,Germany,Female,32,8,111537.0,4,1,1,9498.0,1
15656029,609,France,Male,37,6,0.0,2,0,1,22031.0,0
15574206,718,France,Female,37,7,0.0,2,1,1,55100.0,0
15613017,586,Germany,Male,32,1,149815.0,1,1,0,31830.0,0
15692929,791,Germany,Female,42,10,113657.0,2,0,1,139947.0,1
15715673,651,Spain,Female,46,4,89743.0,1,1,0,156426.0,1
15669204,650,Germany,Male,23,4,93911.0,2,1,0,69055.0,0
15703979,580,Germany,Male,39,3,119689.0,1,1,0,137041.0,0
15711028,534,France,Male,52,1,0.0,3,1,1,104035.0,1
15784958,797,France,Female,55,10,0.0,4,1,1,49419.0,1
15614103,850,Germany,Male,42,8,119840.0,1,0,1,51016.0,1
15792565,745,France,Female,46,7,0.0,2,1,1,67770.0,0
15639590,758,France,Female,30,3,141581.0,1,1,0,156249.0,0
15659399,516,Germany,Male,50,7,139675.0,2,1,0,45591.0,0
15567078,789,France,Female,27,8,66202.0,1,1,1,79458.0,0
15596870,749,Germany,Male,54,3,144769.0,1,1,0,93336.0,1
15791780,706,Germany,Female,48,10,104478.0,3,0,1,158249.0,1
15736963,623,France,Male,43,1,0.0,2,1,1,146379.0,0
15646490,537,Spain,Male,42,1,190569.0,1,0,1,127155.0,0
15737832,771,Spain,Male,45,0,139826.0,1,0,0,170985.0,1
15713594,543,France,Female,32,7,147257.0,1,1,0,112772.0,0
15680706,537,Germany,Male,48,4,131835.0,1,1,0,166477.0,1
15748597,844,Spain,Male,56,5,99530.0,1,0,1,157230.0,1
15749489,533,Germany,Female,22,10,115744.0,1,0,0,43852.0,0
15811985,530,Spain,Male,44,6,0.0,2,0,0,55893.0,0
15618774,474,France,Male,54,3,0.0,1,1,0,108409.0,1
15653937,638,Germany,Female,53,1,123917.0,1,1,0,16658.0,1
15605020,651,France,Male,45,2,165902.0,2,1,0,23055.0,1
15597487,850,France,Female,35,5,0.0,1,1,1,80993.0,0
15623053,454,Spain,Male,40,2,123177.0,1,1,0,148310.0,0
15778005,785,France,Female,39,1,130148.0,1,1,0,163798.0,1
15688876,685,Spain,Male,39,9,0.0,2,1,1,18826.0,0
15698528,599,Spain,Female,31,3,0.0,1,1,1,130086.0,1
15788367,487,Spain,Male,44,6,61691.0,1,1,1,53088.0,0
15680046,711,Spain,Male,36,8,0.0,2,1,0,55207.0,0
15804131,850,Spain,Female,53,7,65407.0,2,0,0,182634.0,1
15805704,745,France,Female,32,2,0.0,4,0,1,179705.0,1
15728078,609,France,Male,26,10,126392.0,1,0,1,43651.0,0
15649150,531,France,Female,53,5,127642.0,1,1,0,141501.0,1
15807167,635,France,Male,42,1,146767.0,2,0,1,164357.0,0
15574071,706,Germany,Male,23,2,93302.0,2,0,1,127187.0,0
15781272,669,France,Male,50,4,149714.0,3,1,1,124872.0,1
15585133,657,Spain,Female,27,8,0.0,2,0,0,6468.0,0
15569274,678,Germany,Male,49,2,116933.0,1,1,0,195054.0,1
15614213,620,France,Male,37,0,107549.0,1,1,0,71176.0,0
15589869,437,France,Male,49,9,111634.0,2,0,1,166440.0,0
15797113,552,Spain,Female,34,4,0.0,2,1,0,140287.0,0
15739592,707,Germany,Female,51,10,98438.0,1,0,0,70779.0,1
15678720,741,France,Female,44,7,0.0,2,1,1,190535.0,0
15691004,407,Spain,Male,37,1,0.0,1,1,1,49161.0,1
15733447,562,France,Female,51,1,124663.0,1,1,1,65390.0,1
15679062,734,Germany,Female,47,10,91522.0,2,1,1,138836.0,0
15594409,710,France,Male,45,1,0.0,2,1,1,36155.0,0
15748414,526,Spain,Female,33,8,114635.0,2,1,0,110114.0,1
15751203,702,France,Male,26,5,56738.0,2,1,1,100442.0,1
15606273,616,France,Male,37,5,144236.0,2,0,0,154958.0,1
15715047,640,Spain,Male,43,9,172478.0,1,1,0,191084.0,1
15743817,621,Germany,Male,40,8,174127.0,3,1,0,172491.0,1
15665963,681,Spain,Male,30,2,128393.0,1,1,1,180593.0,0
15740406,628,Germany,Male,38,10,113526.0,1,1,0,46044.0,1
15613886,722,Spain,Male,43,1,0.0,1,1,0,44560.0,1
15625092,502,Germany,Female,57,3,101465.0,1,1,0,43568.0,1
15784761,554,Spain,Female,46,7,87603.0,3,0,1,96929.0,1
15805769,656,Spain,Male,33,4,0.0,2,1,0,116706.0,0
15703106,575,France,Male,40,5,0.0,2,1,1,122489.0,0
15750569,684,Germany,Female,46,3,102955.0,2,1,0,154137.0,0
15690743,536,France,Female,61,8,65190.0,1,1,1,64308.0,1
15606386,753,Germany,Female,46,3,111513.0,3,1,0,159577.0,1
15681928,577,France,Female,35,4,108155.0,1,1,0,105408.0,0
15731829,616,France,Male,34,10,0.0,2,1,0,25662.0,0
15793307,724,Spain,Female,41,4,142880.0,3,0,0,185541.0,1
15811026,505,Germany,Male,43,5,136856.0,2,1,0,171071.0,0
15718465,671,Germany,Male,51,3,96891.0,1,1,0,176403.0,1
15727317,533,Germany,Female,49,1,102287.0,3,1,0,69409.0,1
15649536,741,Germany,Male,38,4,128016.0,1,1,0,58440.0,0
15668142,700,France,Male,37,3,77608.0,2,1,1,175373.0,0
15656086,542,Spain,Male,54,8,105770.0,1,0,1,140930.0,1
15587240,518,France,Male,40,4,0.0,2,0,1,194417.0,0
15812594,791,France,Male,34,7,0.0,2,1,0,96734.0,0
15691910,663,Spain,Male,30,4,0.0,3,1,0,101371.0,0
15658589,850,Spain,Male,38,2,94652.0,1,1,1,171961.0,0
15621611,742,Germany,Male,55,5,155196.0,1,0,1,121208.0,1
15654067,584,Spain,Female,29,4,0.0,2,1,0,88867.0,0
15724719,550,France,Female,22,7,139097.0,1,1,0,129891.0,0
15684960,559,France,Female,46,5,0.0,1,1,0,21006.0,1
15608528,645,France,Female,68,9,0.0,4,1,1,176354.0,1
15662751,655,Germany,Female,40,0,81955.0,1,1,1,198798.0,1
15814022,714,France,Female,26,9,89929.0,1,1,0,46203.0,0
15710397,584,France,Male,26,4,0.0,2,1,0,147601.0,0
15589924,577,Spain,Female,40,1,0.0,2,1,1,108787.0,0
15743490,795,Germany,Female,56,9,94349.0,1,1,0,29239.0,1
15801788,706,Germany,Female,29,6,185544.0,1,1,0,171038.0,0
15645766,634,Spain,Male,25,9,0.0,2,1,1,8228.0,0
15596649,651,France,Female,39,8,0.0,1,1,0,137453.0,0
15724076,815,Spain,Female,57,5,0.0,3,0,0,38941.0,1
15578238,727,France,Male,47,7,0.0,2,1,0,193305.0,0
15688644,603,France,Male,31,1,129744.0,1,1,0,109145.0,0
15647965,477,France,Female,57,9,114024.0,2,1,1,71167.0,1
15782181,592,Spain,Male,35,6,80285.0,1,1,0,72679.0,1
15745326,538,France,Female,62,3,75051.0,1,0,0,17682.0,1
15607753,606,Spain,Female,23,10,70418.0,1,0,1,90896.0,0
15663883,850,Germany,Male,32,9,141827.0,2,1,1,149459.0,0
15589296,724,France,Female,40,6,110054.0,1,1,1,86951.0,0
15669664,574,Germany,Male,54,1,99774.0,1,0,0,4896.0,1
15710012,738,Spain,Male,44,2,0.0,2,1,0,43019.0,1
15691011,591,France,Male,42,9,161651.0,2,1,1,131754.0,0
15628904,733,Spain,Male,35,8,102918.0,1,1,1,45960.0,0
15638257,682,Spain,Female,54,0,83103.0,2,1,1,54133.0,0
15690939,575,Spain,Male,28,7,0.0,1,1,1,10666.0,0
15594456,740,Spain,Female,56,4,99097.0,1,1,1,85017.0,1
15566253,580,Germany,Male,44,9,143391.0,1,0,0,146891.0,1
15795124,726,Germany,Male,50,9,94504.0,1,0,1,5079.0,0
15798256,558,France,Female,45,1,153698.0,2,0,0,89891.0,1
15623202,704,Germany,Female,39,10,102556.0,2,1,0,171971.0,1
15606397,577,Germany,Female,44,1,152086.0,1,0,1,44720.0,1
15568487,712,France,Male,35,7,124616.0,1,1,1,69321.0,0
15567442,656,France,Female,75,3,0.0,2,1,1,1277.0,0
15653784,627,France,Male,37,2,125191.0,1,0,1,84585.0,0
15693543,708,France,Female,33,8,0.0,2,0,1,15247.0,0
15773283,641,France,Male,65,6,38340.0,1,1,0,32608.0,1
15694444,648,Germany,Female,32,8,157139.0,3,1,0,190994.0,1
15735346,527,Germany,Female,41,10,136733.0,1,1,1,57589.0,0
15713845,688,France,Male,38,7,148046.0,1,1,0,175480.0,1
15567013,779,Spain,Male,33,3,0.0,2,1,0,30805.0,0
15651315,627,France,Male,41,3,0.0,2,1,0,132720.0,0
15645355,677,Germany,Male,34,3,126729.0,1,1,1,26106.0,1
15615004,730,France,Female,37,1,0.0,2,1,1,124365.0,0
15608408,598,Spain,Male,39,1,0.0,2,1,0,159130.0,0
15797329,626,France,Male,43,4,137639.0,1,1,0,130442.0,1
15696812,586,Spain,Male,42,6,0.0,2,1,1,123410.0,0
15662232,675,Germany,Male,42,2,92617.0,2,1,0,8567.0,0
15782096,616,Spain,Female,36,6,0.0,1,1,1,12916.0,1
15766272,521,Germany,Female,61,0,125194.0,1,1,1,109357.0,0
15661723,667,Spain,Male,71,4,137261.0,1,0,1,94433.0,1
15622442,619,France,Male,29,5,0.0,2,1,0,194310.0,0
15767598,540,Spain,Male,28,8,0.0,2,0,0,197588.0,0
15621974,778,Germany,Female,33,4,111064.0,2,1,0,83557.0,0
15801431,682,Spain,Female,48,9,101198.0,1,1,1,49733.0,0
15572038,660,Germany,Male,35,9,113949.0,1,1,0,188892.0,1
15643671,696,Germany,Male,49,5,97036.0,2,1,0,152451.0,1
15610972,681,Germany,Female,44,4,91116.0,2,0,0,24209.0,1
15674620,679,Germany,Female,37,8,77374.0,2,0,1,174873.0,0
15643426,523,Spain,Female,36,8,113681.0,1,0,0,13197.0,0
15793478,593,Germany,Female,39,8,151392.0,1,1,0,27275.0,1
15642248,608,Spain,Male,66,8,123935.0,1,1,1,65758.0,0
15727041,624,France,Male,71,7,0.0,2,1,1,108842.0,0
15694566,602,France,Female,42,10,0.0,2,0,0,169921.0,1
15814236,537,Spain,Female,38,1,96939.0,1,1,1,102607.0,0
15583597,696,Spain,Male,47,1,106759.0,1,1,1,80591.0,0
15800688,495,Spain,Female,42,7,0.0,2,0,0,130405.0,0
15587835,850,France,Male,41,3,136417.0,1,0,1,57844.0,0
15607786,709,France,Male,26,6,156552.0,1,0,1,4411.0,0
15799910,793,France,Male,32,2,0.0,2,1,0,193818.0,1
15602479,609,Spain,Male,37,5,129313.0,1,1,1,26794.0,0
15617419,618,Germany,Female,29,10,100315.0,2,1,1,32527.0,0
15681887,758,Germany,Male,33,0,129143.0,2,1,1,26606.0,0
15608873,665,France,Male,51,2,0.0,1,0,0,53353.0,0
15713819,562,France,Male,48,3,92348.0,1,1,1,163117.0,0
15778515,748,France,Male,40,3,95297.0,1,0,0,171516.0,0
15780142,632,France,Male,43,2,100014.0,1,1,0,24275.0,0
15693902,597,France,Male,19,2,0.0,2,1,1,91037.0,0
15585379,704,France,Male,39,2,111525.0,1,1,0,199485.0,0
15723856,602,France,Female,29,3,88814.0,2,1,1,62488.0,0
15691287,675,Germany,Female,33,0,141816.0,1,1,0,64815.0,1
15786469,686,France,Female,34,1,0.0,2,1,0,87278.0,0
15793901,639,France,Female,27,2,0.0,2,0,0,125244.0,0
15569759,583,France,Female,27,4,0.0,3,1,0,163113.0,0
15641934,749,Spain,Female,46,9,66583.0,1,1,0,78753.0,1
15612095,751,France,Female,48,9,0.0,1,1,0,137508.0,1
15783477,706,Germany,Female,39,8,112890.0,1,0,1,6724.0,0
15591036,577,Germany,Female,43,3,127940.0,1,0,0,125141.0,1
15566988,656,Germany,Female,46,7,141536.0,1,1,0,50595.0,1
15773723,588,Spain,Female,22,9,67178.0,1,1,1,163535.0,1
15791958,849,France,Female,41,6,0.0,2,1,1,169204.0,1
15658813,645,France,Female,55,7,0.0,2,1,1,18369.0,0
15806808,834,Germany,Female,57,8,112282.0,3,1,0,140225.0,1
15649024,748,France,Female,39,9,132866.0,1,1,1,59636.0,1
15644132,724,France,Female,30,9,142476.0,1,1,1,107848.0,0
15723737,680,France,Male,27,3,0.0,1,1,0,32454.0,0
15579892,708,Spain,Male,19,7,112616.0,1,1,1,4492.0,0
15814033,759,Spain,Male,38,1,0.0,2,1,0,20778.0,0
15783007,520,Germany,Female,45,1,123086.0,1,1,1,41042.0,1
15718843,769,Spain,Male,41,1,72510.0,1,1,0,25724.0,0
15623972,479,Germany,Female,23,9,123576.0,1,0,1,95148.0,0
15669253,754,Spain,Male,39,7,157692.0,2,1,0,133601.0,1
15758023,544,Germany,Male,47,5,105245.0,1,0,0,99922.0,1
15735025,535,Spain,Male,37,3,175535.0,2,1,1,9242.0,0
15730759,561,France,Female,27,9,135637.0,1,1,0,153080.0,1
15752912,661,France,Female,30,7,0.0,2,1,0,72197.0,0
15743498,532,Germany,Male,52,9,137756.0,1,1,0,163192.0,1
15654372,462,Germany,Male,34,1,94683.0,2,1,0,138478.0,0
15662488,627,France,Female,44,5,0.0,2,1,0,82970.0,1
15790935,535,France,Female,29,5,0.0,2,0,1,52710.0,0
15620735,667,Germany,Female,33,4,127077.0,2,1,0,69012.0,0
15624611,497,Spain,Male,37,8,128650.0,2,1,1,163642.0,0
15717984,477,France,Male,47,9,144901.0,1,1,0,61315.0,1
15677550,755,France,Female,38,1,0.0,2,1,0,20735.0,0
15806945,611,France,Female,30,9,88594.0,1,1,0,196332.0,0
15625761,632,Germany,Male,41,8,127205.0,4,1,0,93875.0,1
15612444,549,France,Male,29,3,0.0,2,1,0,146090.0,0
15801942,619,Spain,Female,41,8,0.0,3,1,1,79867.0,1
15751412,704,France,Male,36,3,114370.0,1,0,1,66810.0,0
15616221,497,France,Female,29,4,85647.0,1,0,0,63233.0,1
15714062,690,France,Female,40,9,77642.0,1,0,0,189052.0,1
15716926,807,France,Male,33,10,101953.0,2,1,0,178154.0,0
15603554,513,France,Female,45,0,164650.0,3,1,0,49916.0,1
15792305,762,Germany,Male,46,6,123572.0,3,0,1,57014.0,1
15636016,588,France,Female,34,3,120778.0,1,1,1,131730.0,0
15803633,678,France,Female,46,1,0.0,2,0,0,82106.0,0
15589017,547,Germany,Male,55,4,111363.0,3,1,0,16922.0,1
15582154,670,France,Female,45,5,47885.0,1,1,1,54340.0,0
15620756,747,France,Male,49,6,202905.0,1,1,1,17299.0,1
15611331,511,France,Female,46,1,0.0,1,1,1,115779.0,1
15661275,532,Germany,Male,52,3,110792.0,1,1,0,148705.0,1
15768471,554,Germany,Female,54,6,108755.0,1,1,0,40914.0,1
15578546,491,Germany,Male,26,4,102251.0,1,1,1,145901.0,0
15655229,850,Germany,Female,35,7,114285.0,1,0,1,129661.0,0
15591169,788,Germany,Female,49,4,137456.0,1,1,0,184178.0,1
15766427,565,Germany,Male,52,5,97720.0,2,1,0,175071.0,1
15790810,844,France,Female,41,10,76320.0,1,1,1,141175.0,1
15615797,743,Germany,Male,59,5,108585.0,1,1,1,192127.0,1
15661198,727,Germany,Male,34,2,146407.0,1,1,1,72074.0,0
15701074,629,Germany,Male,35,8,112331.0,1,1,1,91001.0,0
15658364,807,Germany,Female,40,1,134590.0,1,1,1,46254.0,0
15814468,551,Germany,Male,50,1,121400.0,1,0,1,84508.0,1
15794472,553,France,Female,27,3,0.0,2,0,0,159800.0,0
15566312,660,Spain,Female,42,5,0.0,3,1,1,189016.0,1
15739972,650,Germany,Female,45,9,152367.0,3,1,0,150835.0,1
15675585,416,Germany,Female,25,0,97739.0,2,1,1,160523.0,0
15714260,646,France,Female,38,2,0.0,2,0,0,178753.0,0
15768763,562,France,Male,37,2,0.0,1,0,1,52525.0,1
15714046,720,Spain,Male,33,3,123784.0,2,1,1,142903.0,0
15812073,529,France,Female,31,7,0.0,2,1,1,175698.0,0
15707918,741,Germany,Female,36,0,127675.0,2,1,0,74260.0,0
15591822,593,Spain,Male,26,9,76227.0,1,1,0,167565.0,0
15738501,601,Germany,Male,48,9,163631.0,1,0,1,41816.0,1
15657829,806,Germany,Male,30,8,168079.0,1,1,0,85028.0,1
15738497,729,Spain,Male,44,4,107727.0,2,1,0,153065.0,0
15754874,700,France,Male,26,4,119010.0,1,1,0,141926.0,0
15772559,790,France,Female,47,10,148636.0,1,0,1,16120.0,1
15600510,680,Spain,Female,37,6,124141.0,2,1,0,92826.0,0
15625706,693,Germany,Male,45,2,116547.0,2,0,0,23140.0,1
15641782,540,France,Female,31,7,0.0,1,0,1,183052.0,1
15616630,583,Germany,Female,41,5,77648.0,1,1,0,190430.0,0
15588419,651,Germany,Female,34,10,148962.0,1,1,0,66389.0,1
15566030,497,Germany,Male,41,5,80543.0,1,0,0,88729.0,1
15701412,739,France,Male,40,4,0.0,2,0,0,173322.0,0
15625964,582,France,Female,43,5,153314.0,1,0,0,170564.0,0
15590286,611,France,Female,40,2,125879.0,1,1,0,93203.0,0
15730590,738,Germany,Female,40,1,115409.0,2,0,0,180457.0,0
15625141,563,Spain,Male,26,7,0.0,2,0,0,6140.0,0
15694143,686,France,Female,41,10,0.0,1,1,0,133086.0,0
15756743,625,France,Female,37,7,115895.0,1,1,0,48486.0,0
15792029,620,France,Male,32,6,0.0,2,1,0,56139.0,0
15607526,638,Germany,Male,50,1,102645.0,1,1,0,168360.0,1
15593425,662,Spain,Female,54,1,187997.0,1,0,0,111443.0,1
15747534,595,France,Male,46,10,0.0,1,1,0,73489.0,1
15715532,687,Germany,Male,38,4,117633.0,1,0,1,88397.0,0
15808544,747,France,Female,40,3,0.0,1,0,0,57818.0,1
15739578,850,France,Male,49,6,128664.0,1,1,0,65769.0,1
15615938,502,France,Female,64,3,139663.0,1,0,1,100995.0,0
15729110,729,Spain,Female,42,7,0.0,2,1,0,58268.0,1
15792679,575,France,Male,24,2,0.0,2,1,1,119928.0,0
15666559,608,Germany,Male,23,8,197716.0,2,1,1,116124.0,0
15780056,660,Spain,Male,33,4,0.0,1,1,0,29664.0,0
15777873,628,France,Female,31,5,0.0,1,0,0,147963.0,1
15741921,622,Spain,Female,26,8,0.0,2,1,1,124965.0,0
15797900,517,France,Male,56,9,142147.0,1,0,0,39488.0,1
15746333,562,France,Female,57,3,0.0,3,1,0,6555.0,1
15665784,637,France,Male,27,9,128940.0,1,1,0,46787.0,0
15792668,661,Germany,Male,37,7,109908.0,2,1,0,115038.0,1
15735909,607,Germany,Female,39,8,105103.0,1,1,0,104722.0,1
15724838,599,France,Female,43,4,0.0,1,1,0,170347.0,0
15666711,586,France,Female,46,0,0.0,3,0,1,131554.0,1
15588933,825,France,Female,36,3,146054.0,1,1,1,138345.0,0
15633213,628,Spain,Male,50,8,0.0,1,0,0,144367.0,1
15619608,454,Germany,Female,50,10,92896.0,1,1,0,154344.0,1
15637646,756,France,Male,31,10,122647.0,1,0,0,61667.0,0
15657809,585,France,Male,55,10,106416.0,3,1,1,122961.0,1
15605059,576,Germany,Male,63,3,148844.0,1,1,0,69414.0,1
15568088,481,Germany,Male,44,3,163715.0,1,1,0,96124.0,0
15662243,559,France,Male,50,5,162702.0,1,0,0,150548.0,1
15605264,669,Germany,Male,47,0,63724.0,2,1,1,181928.0,0
15680804,850,France,Male,29,6,0.0,2,1,1,10673.0,0
15593943,685,France,Female,43,1,132667.0,1,1,1,41877.0,0
15654457,685,Spain,Female,30,2,0.0,3,1,1,172576.0,1
15762793,850,Germany,Female,36,0,136980.0,2,1,1,99020.0,0
15642816,850,France,Female,27,7,43658.0,2,1,1,3025.0,0
15636592,651,France,Male,35,0,181822.0,2,0,1,36924.0,1
15772618,665,France,Male,25,7,90921.0,1,0,1,112257.0,0
15724453,570,France,Male,23,2,0.0,1,0,0,198831.0,0
15657540,578,France,Male,50,5,151215.0,2,1,0,169804.0,0
15700263,569,France,Male,66,2,0.0,1,1,0,130784.0,1
15806922,674,Spain,Female,41,4,126605.0,1,1,1,166695.0,0
15636548,457,Spain,Male,44,7,0.0,2,0,0,185992.0,0
15588235,654,France,Female,24,8,145082.0,1,1,1,130075.0,0
15804853,781,France,Female,48,0,57099.0,1,1,0,85644.0,1
15750396,670,France,Male,33,1,0.0,2,1,1,86413.0,0
15738889,658,France,Male,42,8,102871.0,1,0,1,103765.0,1
15569249,576,France,Female,55,6,44582.0,3,0,1,67540.0,1
15706232,595,France,Male,52,9,0.0,1,1,1,106341.0,1
15577170,532,France,Male,60,5,76706.0,2,0,1,13890.0,0
15648725,660,France,Male,41,3,0.0,2,1,1,108666.0,0
15739548,775,France,Male,28,9,111168.0,1,1,0,149331.0,0
15768600,805,Germany,Male,50,9,130023.0,1,1,0,62990.0,1
15711446,569,Spain,Female,51,3,0.0,3,1,0,75085.0,1
15672432,594,France,Female,53,4,0.0,1,1,0,5409.0,1
15580914,478,Spain,Male,48,0,83287.0,2,0,1,44148.0,1
15704581,595,Germany,Male,34,2,87967.0,2,0,1,156310.0,0
15738487,678,France,Male,26,3,0.0,2,1,0,4989.0,0
15684512,818,Germany,Female,72,8,135290.0,2,1,1,63730.0,0
15671769,624,France,Female,71,4,170252.0,3,1,1,73680.0,1
15789201,603,Germany,Female,35,9,145623.0,1,1,0,163182.0,0
15575605,725,France,Male,38,6,0.0,2,1,1,158697.0,0
15783883,753,Germany,Female,38,1,117315.0,1,1,0,122021.0,1
15787693,559,Spain,Male,38,3,145874.0,1,1,0,56311.0,1
15815040,552,Germany,Female,42,8,103362.0,1,0,1,186870.0,1
15767358,711,Germany,Female,45,1,97486.0,2,1,0,50611.0,0
15636521,744,Spain,Female,30,1,124037.0,1,1,1,142211.0,0
15621423,736,France,Female,42,7,117280.0,3,0,0,41921.0,1
15567839,501,France,Male,42,9,114631.0,1,0,1,91430.0,0
15644400,709,France,Male,44,9,128602.0,1,1,0,117031.0,0
15566495,704,Spain,Female,24,2,0.0,1,1,0,35600.0,1
15799785,679,Germany,Female,30,4,77950.0,1,1,1,121151.0,0
15591552,600,France,Female,32,7,98878.0,1,1,0,132973.0,0
15745804,628,France,Male,25,7,0.0,2,1,1,195978.0,0
15622729,649,France,Female,46,2,0.0,2,1,1,66603.0,0
15675926,655,Germany,Male,34,7,118028.0,1,1,0,51226.0,1
15706268,697,Germany,Male,51,1,147910.0,1,1,1,53581.0,0
15735572,629,France,Male,59,9,113658.0,1,1,1,116849.0,1
15611318,599,Spain,Male,33,4,51691.0,1,1,0,111623.0,1
15696361,648,Germany,Male,31,7,125682.0,1,0,1,129981.0,0
15627190,661,France,Male,51,6,146607.0,1,1,1,68022.0,0
15721507,713,France,Female,32,1,117094.0,1,0,0,149559.0,1
15689786,850,Germany,Male,56,1,169744.0,1,0,0,155850.0,1
15670646,499,Spain,Female,42,0,147188.0,1,1,1,14869.0,1
15815095,850,Spain,Male,54,7,108186.0,2,0,0,24093.0,1
15586479,692,France,Female,36,4,0.0,1,1,0,185581.0,1
15593178,568,Spain,Female,36,10,153611.0,1,1,1,54084.0,1
15726167,655,France,Male,37,4,0.0,2,1,1,142416.0,0
15592999,691,France,Female,40,0,115466.0,1,1,1,60623.0,0
15672912,737,Spain,Female,39,7,130052.0,2,0,0,55356.0,1
15757434,599,France,Male,28,7,119706.0,1,0,0,31190.0,0
15603565,603,Spain,Female,56,5,90779.0,2,1,0,162224.0,1
15802071,762,Germany,Male,35,1,117459.0,1,0,1,178361.0,1
15765487,753,Germany,Female,38,9,151767.0,1,1,1,180830.0,0
15647898,610,Spain,Female,50,5,130555.0,3,1,0,184758.0,1
15748499,550,Germany,Male,33,4,118401.0,1,0,1,14000.0,1
15668889,665,Germany,Female,43,2,116322.0,4,1,0,35640.0,1
15622083,647,Germany,Male,30,6,143139.0,2,1,0,2955.0,0
15569682,768,Germany,Male,37,9,108308.0,1,1,0,41788.0,1
15703177,654,France,Female,35,2,90866.0,1,1,1,86764.0,0
15645820,698,France,Male,27,7,0.0,2,1,0,111472.0,0
15697844,721,Spain,Female,32,10,0.0,1,1,0,136120.0,1
15771409,586,France,Male,58,7,151934.0,1,1,0,162960.0,1
15737542,611,Germany,Female,36,10,103295.0,1,1,0,160548.0,0
15785705,705,Germany,Female,44,10,106732.0,1,1,0,137420.0,1
15642098,622,Spain,Female,36,0,108960.0,2,1,0,111180.0,1
15791944,697,France,Male,32,7,175465.0,3,1,0,116442.0,1
15768342,718,France,Male,52,8,79475.0,3,1,1,32421.0,1
15700511,708,Germany,Male,42,9,176702.0,2,1,1,104805.0,0
15583552,674,Germany,Male,44,3,88902.0,1,1,0,73731.0,0
15613699,430,France,Female,60,7,73937.0,1,1,0,161938.0,1
15712483,608,Spain,Female,28,4,0.0,2,1,0,10900.0,1
15587443,728,France,Female,69,1,0.0,2,1,1,131805.0,0
15673238,517,Germany,Female,59,8,154111.0,2,1,0,101240.0,1
15654760,811,France,Male,40,1,101515.0,1,1,1,121765.0,0
15613673,675,France,Male,28,9,0.0,1,1,0,134111.0,0
15588854,715,France,Female,31,3,110581.0,1,1,1,94715.0,0
15810716,750,Germany,Male,42,8,151836.0,2,1,0,68695.0,0
15569394,704,France,Male,24,2,148197.0,2,1,0,182775.0,0
15788215,535,Spain,Female,30,5,122925.0,1,0,0,62391.0,1
15608916,573,France,Male,40,7,147755.0,1,1,1,110454.0,0
15701738,612,Germany,Male,44,2,115163.0,1,1,1,97678.0,1
15650591,809,Germany,Male,50,10,118099.0,1,1,1,100720.0,1
15633608,641,France,Male,33,2,146194.0,2,1,1,55797.0,1
15629985,723,Germany,Female,47,10,90450.0,2,0,0,103379.0,1
15763029,612,Germany,Male,46,9,161450.0,1,1,1,96961.0,1
15673591,842,France,Male,44,3,141252.0,4,0,1,128521.0,1
15681007,850,France,Female,35,2,128548.0,4,1,0,75479.0,1
15725906,665,Spain,Female,51,8,0.0,1,1,1,38928.0,1
15718531,554,France,Female,35,8,0.0,2,1,1,176779.0,0
15588535,750,Spain,Female,39,6,0.0,2,0,0,19264.0,0
15775307,490,Spain,Female,38,3,97266.0,1,1,1,92797.0,0
15777616,605,Germany,Male,28,10,113691.0,1,1,0,33114.0,0
15751177,685,Germany,Female,44,2,119658.0,1,1,0,145387.0,1
15675963,627,France,Female,57,9,0.0,2,1,1,107712.0,0
15570299,584,Germany,Female,31,6,152622.0,1,1,0,99299.0,0
15795759,698,Germany,Female,52,1,107907.0,1,1,0,168886.0,1
15649033,603,Germany,Female,55,7,127723.0,2,1,0,139469.0,1
15695280,532,Germany,Male,24,8,142755.0,1,0,0,34231.0,0
15592751,684,Germany,Female,63,3,81246.0,1,1,0,69643.0,1
15625445,572,France,Female,36,8,68348.0,2,0,1,50400.0,0
15664849,573,Spain,Male,46,3,65269.0,1,0,1,189989.0,1
15678497,850,Spain,Male,48,2,0.0,1,1,0,169425.0,1
15621457,850,France,Male,27,6,96655.0,2,0,0,152740.0,0
15775104,697,France,Female,38,1,182066.0,1,1,0,49504.0,0
15612418,744,France,Female,38,9,0.0,2,0,0,20941.0,0
15732061,850,Germany,Female,45,1,121875.0,1,0,0,6865.0,1
15616530,638,France,Male,36,6,188455.0,1,0,0,47031.0,1
15764491,701,Spain,Male,35,10,159694.0,2,1,1,71174.0,0
15570931,620,France,Male,61,5,0.0,1,0,0,31642.0,1
15610936,562,France,Male,33,6,0.0,2,1,0,111590.0,0
15713426,637,Germany,Male,30,1,122186.0,1,1,0,102566.0,1
15598892,828,France,Male,30,4,73070.0,2,0,0,161671.0,0
15681476,520,France,Female,39,1,73493.0,1,0,1,109626.0,1
15617486,530,France,Male,52,1,106723.0,1,0,0,109960.0,1
15686999,556,France,Female,40,8,0.0,2,1,0,62113.0,0
15778884,809,France,Female,38,2,154763.0,2,1,1,174800.0,0
15623630,634,Germany,Female,56,3,116251.0,1,0,1,42430.0,1
15750574,677,Spain,Female,34,4,0.0,2,1,1,6176.0,0
15652030,637,Germany,Male,49,2,108205.0,1,1,0,169038.0,1
15659656,849,France,Male,35,4,110838.0,1,0,0,126420.0,0
15709142,608,Germany,Female,30,2,91057.0,2,1,0,132973.0,0
15772482,829,Germany,Male,28,3,132406.0,3,1,0,104889.0,1
15787756,467,Germany,Male,51,10,114515.0,2,1,0,177785.0,1
15578141,592,Spain,Male,38,3,0.0,1,1,1,12906.0,1
15756824,613,Germany,Female,50,5,101243.0,2,1,0,12494.0,0
15795737,771,Spain,Female,47,3,72664.0,2,1,1,107874.0,0
15697801,605,Germany,Female,56,1,74129.0,2,1,1,62200.0,1
15776596,730,Spain,Female,39,6,140095.0,1,1,0,172450.0,1
15736146,608,Germany,Male,28,4,96680.0,1,1,1,49133.0,0
15774847,593,France,Male,50,6,171741.0,1,0,0,20894.0,0
15584620,850,Germany,Female,36,6,143644.0,1,1,0,22102.0,1
15588955,581,Germany,Female,43,5,93260.0,3,1,0,141036.0,1
15602647,729,Germany,Male,39,6,127416.0,1,1,1,184977.0,1
15603096,410,France,Male,33,6,125790.0,1,0,0,66334.0,1
15814675,642,Germany,Female,39,8,128264.0,1,1,0,61793.0,1
15738936,760,Germany,Male,29,5,103607.0,2,0,1,86335.0,0
15637427,461,Spain,Female,25,6,0.0,2,1,1,15306.0,0
15588859,496,Spain,Female,44,0,179356.0,2,1,0,2919.0,1
15576077,610,France,Female,27,9,159562.0,1,0,1,103381.0,0
15741180,617,France,Male,54,6,102142.0,1,1,1,45325.0,0
15570141,724,France,Female,34,3,132353.0,1,1,0,80320.0,0
15743236,687,France,Female,61,7,80539.0,1,1,0,131305.0,1
15607560,572,France,Female,39,2,0.0,2,1,1,555.0,0
15708504,790,Germany,Male,50,8,121439.0,1,1,1,176472.0,1
15751032,629,Germany,Female,37,1,35550.0,2,0,0,49676.0,0
15636736,611,France,Female,53,7,0.0,2,0,1,156495.0,1
15703544,559,Spain,Male,34,0,0.0,1,1,0,182989.0,0
15598485,567,Spain,Male,40,8,28650.0,1,1,1,95141.0,0
15701741,711,France,Female,39,3,152463.0,1,1,0,90306.0,0
15625023,682,France,Male,40,4,0.0,1,0,1,105353.0,0
15605534,644,Germany,Female,51,4,95560.0,1,0,0,72629.0,1
15762172,850,France,Female,39,2,0.0,2,1,0,179451.0,0
15605698,746,France,Male,58,3,0.0,3,1,1,80345.0,1
15777060,770,France,Female,33,4,0.0,1,1,0,26081.0,1
15788480,786,Germany,Female,33,0,122326.0,1,0,0,34712.0,1
15591698,849,Germany,Female,49,9,132935.0,1,1,0,171057.0,1
15796230,642,Germany,Female,36,2,124496.0,3,1,1,57904.0,1
15751912,567,France,Male,36,7,0.0,2,0,1,3896.0,0
15646720,628,Spain,Female,55,7,0.0,3,1,0,85891.0,1
15715345,743,Spain,Male,25,6,0.0,2,1,0,129740.0,0
15641158,739,Germany,Male,32,3,102128.0,1,1,0,63981.0,1
15752507,769,Germany,Male,60,9,148846.0,1,1,0,192832.0,1
15720155,630,Germany,Male,29,6,131354.0,1,0,1,9324.0,1
15582116,767,Germany,Female,45,7,132746.0,2,1,0,26629.0,1
15590011,749,Spain,Male,38,9,129378.0,1,1,1,13549.0,0
15582519,479,France,Male,47,6,121797.0,1,0,1,5812.0,1
15755330,512,Germany,Male,41,7,122403.0,1,0,1,37440.0,1
15692142,707,Germany,Female,48,7,105087.0,1,1,1,180345.0,1
15792627,765,Spain,Female,33,5,84558.0,1,1,1,69039.0,0
15601410,744,Spain,Female,46,1,0.0,3,1,1,177432.0,1
15661162,526,Spain,Male,49,2,0.0,1,1,0,114540.0,1
15772383,613,France,Male,36,9,131307.0,1,0,0,83344.0,0
15612478,525,France,Male,51,10,0.0,3,1,0,171045.0,1
15601012,802,France,Female,60,3,92887.0,1,1,0,39474.0,1
15567506,738,Germany,Female,40,6,114941.0,2,1,1,194896.0,1
15727619,753,Germany,Female,46,9,113910.0,3,1,0,92320.0,1
15705735,577,Spain,Male,43,3,0.0,2,1,1,135009.0,0
15794101,559,France,Female,48,2,0.0,2,0,1,137961.0,0
15677288,599,France,Male,50,3,121160.0,1,0,0,4033.0,1
15780805,585,France,Female,35,2,0.0,2,1,0,98621.0,1
15587676,699,France,Male,30,9,0.0,1,1,1,108162.0,0
15611223,752,Germany,Female,38,10,101648.0,2,1,0,172001.0,0
15690175,585,Spain,Male,45,0,0.0,2,0,0,189684.0,0
15722599,751,France,Female,37,9,183614.0,2,0,0,49735.0,0
15737047,754,France,Female,45,6,0.0,1,1,0,73882.0,1
15748920,561,France,Female,49,8,0.0,2,1,1,12513.0,0
15789924,658,France,Female,39,4,0.0,1,1,1,147530.0,0
15672447,657,Germany,Male,40,7,99166.0,1,0,1,119334.0,1
15582892,601,France,Male,46,2,99786.0,1,1,1,32684.0,1
15785920,687,Germany,Male,35,1,125141.0,2,1,1,148537.0,0
15707637,765,France,Female,56,1,0.0,1,1,0,13229.0,1
15719426,529,France,Male,67,8,103102.0,2,1,1,154002.0,1
15659092,621,France,Female,50,5,0.0,2,1,0,191757.0,1
15804064,742,France,Female,35,2,79126.0,1,1,1,126998.0,0
15750837,579,Germany,Male,41,0,141750.0,1,0,1,9202.0,0
15627298,589,France,Male,37,7,85146.0,2,1,0,86490.0,1
15570289,697,Germany,Male,43,8,103409.0,1,1,0,66893.0,1
15711687,434,France,Male,41,4,108129.0,1,0,1,56784.0,0
15714241,749,Spain,Male,42,9,222268.0,1,0,0,101109.0,1
15691906,664,Germany,Female,49,5,127422.0,2,1,0,108877.0,1
15784923,705,Germany,Female,37,3,109974.0,1,1,1,36321.0,1
15757981,748,France,Male,66,8,0.0,1,1,1,163332.0,0
15638159,649,Spain,Female,36,6,86607.0,1,0,0,19825.0,0
15669782,820,Germany,Male,39,9,111337.0,1,1,0,16770.0,1
15691792,416,Spain,Male,35,8,0.0,1,0,0,119713.0,0
15669783,586,France,Female,60,3,47021.0,2,0,1,63241.0,1
15619953,662,Spain,Female,42,6,105021.0,1,1,0,48242.0,0
15645593,599,France,Female,41,2,91329.0,1,1,0,115725.0,0
15809736,664,France,Male,46,2,0.0,1,1,1,177423.0,1
15769246,813,Germany,Male,59,2,135078.0,1,1,0,187636.0,1
15675794,645,Germany,Male,47,9,152077.0,1,1,0,121840.0,1
15779620,575,France,Male,36,1,0.0,1,0,1,94571.0,0
15768233,435,Germany,Male,37,8,114346.0,1,0,1,981.0,1
15740442,603,France,Male,51,8,186826.0,1,1,0,93740.0,1
15717307,496,France,Male,31,5,0.0,2,1,0,93713.0,0
15804962,606,France,Male,36,1,155655.0,1,1,1,192388.0,1
15578787,641,France,Female,52,4,0.0,1,1,0,90965.0,1
15629519,472,France,Female,37,1,0.0,2,1,1,48358.0,0
15700394,713,Spain,Female,26,4,122857.0,2,1,0,144682.0,1
15585066,660,France,Female,43,1,0.0,1,0,1,112026.0,1
15658148,657,France,Male,38,7,0.0,2,1,0,185828.0,0
15700424,461,France,Female,35,5,0.0,1,1,1,54209.0,0
15657957,602,Germany,Female,26,8,113674.0,1,1,0,197861.0,1
15726289,645,France,Male,25,0,174400.0,1,1,0,42669.0,0
15745201,612,France,Female,43,4,139496.0,2,1,1,77128.0,0
15776936,475,France,Male,40,7,160818.0,1,0,1,169642.0,1
15729087,751,Germany,Male,54,9,156368.0,2,0,1,116180.0,0
15786463,645,Germany,Female,59,8,121670.0,2,0,0,92.0,1
15718406,540,France,Male,41,3,0.0,2,1,0,121099.0,0
15597385,573,Spain,Male,41,5,0.0,2,0,1,14479.0,0
15807194,718,Spain,Male,34,5,113922.0,2,1,0,30772.0,0
15695299,590,France,Female,45,2,81828.0,1,1,0,52168.0,0
15722701,594,Germany,Male,18,1,132695.0,1,1,0,167690.0,0
15742323,541,France,Male,39,7,0.0,2,1,0,19823.0,0
15792862,653,Germany,Male,41,1,104584.0,1,1,0,15126.0,1
15657349,803,Germany,Female,50,8,98173.0,1,0,0,22457.0,1
15653347,560,Spain,Male,47,1,0.0,1,0,0,128883.0,1
15569624,671,Germany,Female,31,6,105865.0,2,1,0,145567.0,0
15770474,685,France,Female,33,1,0.0,3,0,1,70221.0,1
15705448,647,Germany,Male,52,7,130013.0,1,1,1,190806.0,1
15593499,686,Spain,Female,47,6,0.0,1,1,0,32081.0,1
15671334,527,France,Male,31,4,0.0,1,1,0,169362.0,0
15606901,728,France,Male,43,7,0.0,2,1,0,40024.0,0
15810942,445,Germany,Female,61,2,137655.0,1,0,1,29910.0,0
15600280,703,France,Female,32,6,0.0,2,0,0,33607.0,0
15611315,708,Germany,Female,23,4,71433.0,1,1,0,103698.0,0
15636977,507,Germany,Male,36,9,118214.0,3,1,0,119110.0,1
15679551,504,Spain,Female,46,2,163765.0,1,1,1,165123.0,1
15606097,665,Germany,Male,63,7,104470.0,1,1,1,25165.0,1
15650018,681,France,Female,43,8,154100.0,1,0,0,114660.0,0
15764708,572,France,Male,30,6,117697.0,1,1,0,100844.0,0
15791040,801,Spain,Male,58,1,79955.0,2,1,1,30484.0,0
15771535,794,Spain,Female,37,9,0.0,2,1,0,68009.0,0
15611947,557,France,Male,34,3,83074.0,1,1,0,132673.0,0
15611767,624,Germany,Female,52,0,133723.0,1,0,0,4860.0,1
15792650,382,Spain,Male,36,0,0.0,1,1,1,179541.0,1
15600399,598,France,Male,60,4,0.0,1,1,0,197727.0,1
15576216,655,Germany,Female,37,4,108863.0,1,1,0,79555.0,1
15635364,618,France,Female,49,9,44301.0,3,1,1,89729.0,1
15722004,543,France,Female,31,4,138318.0,1,0,0,61844.0,0
15586680,462,France,Male,27,4,176914.0,1,1,0,80587.0,0
15622033,847,Germany,Female,41,3,101544.0,4,1,0,16025.0,1
15749265,427,Germany,Male,42,1,75682.0,1,1,1,57098.0,0
15766826,824,France,Male,26,7,146266.0,1,1,0,21904.0,1
15643330,594,France,Male,37,2,0.0,2,0,1,95864.0,0
15608381,585,Germany,Male,50,2,125846.0,1,1,0,9439.0,1
15653110,694,France,Male,42,8,133767.0,1,1,0,36405.0,0
15766355,550,Germany,Male,49,0,108807.0,3,1,0,61447.0,1
15686099,563,Spain,Male,61,1,82182.0,1,1,0,106827.0,1
15601787,641,Germany,Male,35,2,103712.0,1,0,1,192464.0,1
15763093,540,Germany,Female,35,7,128370.0,2,1,0,198256.0,0
15638882,710,Germany,Female,62,9,148214.0,1,1,0,48571.0,1
15594450,695,France,Male,49,9,159459.0,1,1,0,135841.0,0
15814405,418,France,Female,46,9,0.0,1,1,1,81014.0,1
15671934,552,Germany,Male,39,2,132907.0,1,0,1,149384.0,0
15732438,561,France,Male,43,4,0.0,4,0,0,18523.0,1
15641389,659,Germany,Male,48,4,123593.0,2,1,0,82469.0,1
15675518,499,Spain,Female,53,1,75226.0,2,0,0,144849.0,1
15598948,523,Spain,Female,24,5,172232.0,1,0,1,155144.0,0
15582903,643,France,Male,39,7,0.0,2,1,1,170393.0,0
15733229,638,Spain,Female,34,7,0.0,2,0,0,3946.0,0
15641175,701,Germany,Male,63,3,120917.0,3,0,0,144727.0,1
15592716,559,France,Male,52,2,0.0,1,1,0,129014.0,1
15675983,692,France,Female,36,3,79551.0,1,0,1,178267.0,0
15756992,701,France,Male,37,1,0.0,2,1,0,163458.0,0
15571281,651,France,Male,28,10,79563.0,1,1,1,74687.0,0
15618950,644,Spain,Male,26,8,96660.0,2,1,1,138776.0,0
15566378,515,France,Male,48,5,129388.0,1,0,1,147956.0,1
15565879,845,France,Female,28,9,0.0,2,1,1,56186.0,0
15682868,850,France,Female,40,9,99816.0,1,1,1,163990.0,1
15661708,508,France,Female,41,5,0.0,2,1,1,94171.0,0
15613518,647,France,Female,35,6,112669.0,1,0,1,122584.0,0
15752294,582,France,Female,38,9,135979.0,4,1,1,76583.0,1
15716085,739,Spain,Female,41,8,0.0,1,1,0,191695.0,1
15604732,483,France,Female,30,9,0.0,2,0,0,136357.0,0
15669611,632,France,Male,71,3,83117.0,1,1,1,27598.0,0
15570533,621,Germany,Female,55,7,131034.0,1,0,1,75686.0,1
15603135,634,Germany,Female,59,3,95727.0,1,0,0,97939.0,1
15687363,770,France,Male,31,3,155048.0,2,1,1,186064.0,0
15579820,704,Spain,Male,38,6,106688.0,1,1,0,173776.0,0
15797190,608,Germany,Female,40,7,96202.0,1,0,0,161155.0,0
15726720,480,France,Female,40,7,0.0,1,1,0,170333.0,1
15696054,596,France,Male,37,2,0.0,1,0,1,121176.0,0
15720924,585,France,Female,34,1,0.0,1,1,1,75504.0,0
15708362,793,France,Male,63,4,103730.0,2,1,1,80272.0,0
15658675,710,Germany,Male,37,6,135796.0,1,0,1,46524.0,0
15612832,526,France,Male,32,7,125540.0,1,0,0,86786.0,0
15712536,625,France,Female,36,3,0.0,2,1,0,41295.0,1
15785358,586,Germany,Male,46,8,106969.0,1,1,1,79367.0,1
15572114,673,Spain,Male,40,1,121629.0,1,1,1,3259.0,0
15790093,627,France,Female,27,2,0.0,2,1,0,125451.0,0
15644994,714,Germany,Male,54,4,137987.0,2,0,1,51309.0,1
15659327,520,France,Male,49,5,121198.0,1,1,0,72577.0,1
15698462,532,France,Male,36,4,0.0,2,1,1,132799.0,0
15712568,515,Spain,Male,40,10,121356.0,1,1,0,138360.0,0
15721383,627,Spain,Male,40,10,0.0,2,1,1,194792.0,0
15619699,558,France,Male,31,7,0.0,1,1,0,198269.0,0
15701936,467,Germany,Male,28,10,126315.0,1,1,0,32349.0,1
15593283,705,Germany,Female,48,1,156848.0,2,1,1,99476.0,1
15616367,581,Germany,Male,39,1,121524.0,1,0,0,161656.0,1
15607877,576,Spain,Male,26,8,0.0,2,0,1,34101.0,0
15762708,619,Spain,Female,38,10,119658.0,1,1,1,8647.0,0
15687329,763,Germany,Female,32,1,108466.0,2,1,0,60552.0,1
15577695,678,France,Male,41,2,148088.0,1,1,0,14083.0,0
15719541,675,Spain,Male,31,2,90826.0,2,1,0,60271.0,0
15796764,684,Germany,Female,56,3,127586.0,3,1,1,80593.0,1
15578865,632,Germany,Female,50,5,107959.0,1,1,1,6985.0,1
15696388,755,Germany,Male,38,4,111097.0,1,1,1,19763.0,0
15774586,692,Germany,Female,43,10,118589.0,1,1,1,161242.0,1
15676869,657,Spain,Male,36,8,0.0,2,0,1,123866.0,0
15703923,744,Germany,Male,41,7,190409.0,2,1,1,138361.0,0
15618171,669,France,Female,33,9,0.0,2,0,1,107221.0,0
15707861,520,France,Female,46,10,85217.0,1,1,0,117370.0,1
15681026,795,Germany,Female,33,9,104553.0,1,1,1,120854.0,1
15666295,610,Germany,Male,50,1,113957.0,2,1,0,196527.0,1
15768163,655,Germany,Female,46,7,137145.0,1,1,0,115146.0,1
15584532,709,France,Female,36,7,0.0,1,0,1,42086.0,1
15682355,772,Germany,Male,42,3,75075.0,2,1,0,92889.0,1