Age,Workclass,Final_Weight,Education,Education_as_integer,Marital_status,Occupation,Relationship,Gender,Capital_gain,Capital_loss,hours-per-week,income_greater_than_50
25,0,253267,2,10,0,0,0,2,0,1902,36,1
57,1,170603,2,10,0,0,0,2,0,0,40,1
63,1,90393,2,10,0,0,0,2,0,0,48,0
60,0,367695,2,12,0,0,0,2,0,0,40,1
26,0,115717,2,10,0,0,0,2,0,2051,40,0
31,0,364657,2,10,0,0,0,2,0,0,45,1
50,0,98350,2,10,0,0,0,2,0,0,40,1
47,1,114222,2,12,0,0,0,2,0,0,55,1
31,0,59496,2,10,0,0,0,2,0,0,50,0
41,0,104892,2,10,0,0,0,2,2829,0,40,0
61,2,221884,2,10,0,0,0,2,0,0,50,1
39,0,126569,2,10,0,0,0,2,0,0,40,1
55,0,150507,2,10,0,0,0,2,0,0,40,0
56,1,255386,2,10,0,0,0,2,0,0,40,0
36,0,33983,2,11,1,0,3,2,0,0,42,1
42,0,183384,2,10,2,0,3,1,0,0,40,0
46,0,97883,2,10,2,0,3,1,0,0,40,0
43,1,311914,2,10,2,0,3,1,0,0,40,0
49,0,72333,2,10,2,0,3,1,0,0,40,0
40,0,190122,2,10,2,0,3,1,0,0,40,0
33,0,203463,2,10,2,0,3,1,0,0,40,0
52,1,295494,2,11,1,0,3,1,0,0,40,0
29,1,33315,2,12,2,0,3,1,0,0,40,0
21,0,147884,2,10,0,0,6,1,0,0,40,0
19,1,536725,2,10,1,0,6,1,0,0,15,0
22,0,239954,2,10,1,0,6,2,0,0,40,0
19,0,124906,2,10,1,0,4,1,0,1719,25,0
44,0,147110,2,10,2,0,4,2,14344,0,40,1
21,0,140001,2,10,1,0,4,2,0,0,10,0
26,0,264300,2,12,1,0,4,1,0,0,40,0
90,0,171956,2,10,2,0,4,1,0,0,40,0
33,1,111994,2,10,2,0,5,1,0,0,45,0
42,0,136177,2,10,2,0,5,1,0,0,38,0
39,0,129495,2,10,2,0,5,1,0,0,40,0
34,2,168906,2,10,2,0,5,1,0,0,50,0
38,0,168407,2,10,2,0,5,1,5721,0,44,0
28,2,237466,2,10,0,0,1,1,0,0,30,1
37,0,177285,2,11,0,0,1,1,0,0,48,1
32,0,128002,2,11,0,0,1,1,0,0,45,0
38,1,29075,2,10,0,0,1,1,5013,0,40,0
26,0,93169,2,12,0,0,1,1,0,0,40,0
38,0,309230,2,10,0,1,0,2,0,0,40,1
38,0,54816,2,11,0,1,0,2,0,0,40,1
42,0,112494,2,10,0,1,0,2,7298,0,35,1
45,0,294671,2,11,0,1,0,2,4386,0,38,1
56,1,238582,2,10,0,1,0,2,0,0,41,1
33,2,266674,2,10,0,1,0,2,7298,0,56,1
50,2,343748,2,10,0,1,0,2,0,0,35,0
47,0,84790,2,10,0,1,0,2,0,0,40,0
44,0,98779,2,10,0,1,0,2,5178,0,40,1
49,0,182862,2,10,0,1,0,2,7688,0,40,1
36,0,348960,2,10,0,1,0,2,0,0,40,0
36,0,410034,2,12,0,1,0,2,0,0,45,0
35,0,225860,2,11,0,1,0,2,0,0,40,1
33,0,236379,2,11,0,1,0,2,0,0,45,1
36,0,320811,2,10,0,1,0,2,0,0,40,1
24,0,304463,2,10,0,1,0,2,0,0,65,0
45,2,48553,2,10,0,1,0,2,0,0,60,0
40,0,254478,2,10,0,1,0,2,7298,0,50,1
45,0,118714,2,11,0,1,0,2,0,0,40,0
32,0,48520,2,10,0,1,0,2,0,0,40,0
51,0,43705,2,10,0,1,0,2,0,0,40,0
46,0,90042,2,10,0,1,0,2,0,0,40,1
47,0,213140,2,11,0,1,0,2,7688,0,40,1
23,2,40323,2,10,0,1,0,2,0,0,40,1
39,0,173476,2,15,0,1,0,2,7688,0,40,1
43,0,43945,2,10,0,1,0,2,0,0,40,1
49,2,43479,2,10,0,1,0,2,0,0,40,0
29,0,112847,2,11,0,1,0,2,7298,0,32,1
37,1,365430,2,10,0,1,0,2,5178,0,40,1
37,0,167735,2,11,0,1,0,2,0,1887,40,1
32,0,137184,2,10,0,1,0,2,0,0,40,0
44,2,219591,2,10,0,1,0,2,0,0,40,0
46,0,59287,2,10,0,1,0,2,0,0,40,0
55,0,175071,2,10,0,1,0,2,15024,0,40,1
24,0,165054,2,11,0,1,0,2,0,0,40,0
47,0,235108,2,10,0,1,0,2,5178,0,40,1
41,0,221947,2,10,0,1,0,2,0,0,56,1
51,0,150999,2,10,0,1,0,2,7298,0,40,1
60,0,252413,2,10,0,1,0,2,0,0,32,1
41,0,424478,2,10,0,1,0,2,0,0,45,1
55,0,143266,2,11,0,1,0,2,0,0,50,1
41,2,37618,2,12,0,1,0,2,0,0,60,1
20,2,54152,2,10,1,1,3,1,0,0,35,0
48,2,139212,2,10,2,1,3,2,0,0,40,0
57,0,133126,2,10,1,1,3,1,0,0,40,0
31,0,133770,2,12,0,1,3,2,0,0,50,1
28,0,25955,2,11,2,1,3,2,0,0,40,0
40,0,266084,2,10,2,1,6,2,0,0,50,0
36,0,176101,2,10,1,1,4,2,2174,0,60,0
22,0,326334,2,10,1,1,4,2,0,0,35,0
25,0,389456,2,10,1,1,4,2,0,0,30,0
46,0,266337,2,11,2,1,5,2,0,0,40,0
42,0,149546,2,10,2,1,5,2,0,0,30,0
29,0,236938,2,12,2,1,5,1,0,0,38,0
46,0,358585,2,10,2,1,5,2,0,0,40,1
52,2,129311,2,10,0,2,0,2,0,0,95,1
43,2,130126,2,10,0,2,0,2,15024,0,45,1
39,0,97771,2,11,0,2,0,2,0,0,45,0
59,0,258883,2,11,0,2,0,2,0,0,40,0
53,0,30244,2,12,0,2,0,2,15024,0,40,1
65,0,330144,2,10,0,2,0,2,0,0,40,0
34,0,189809,2,10,0,2,0,2,0,0,52,0
50,0,245356,2,10,0,2,0,2,0,0,50,1
42,0,33126,2,12,0,2,0,2,0,0,60,1
45,0,117409,2,10,0,2,0,2,0,0,40,1
58,0,289364,2,10,0,2,0,2,7688,0,45,1
39,0,107991,2,10,0,2,0,2,0,0,45,1
37,0,251396,2,12,0,2,0,2,0,0,65,1
28,0,356555,2,10,0,2,0,2,0,0,48,0
46,0,325372,2,10,0,2,0,2,0,0,40,0
59,1,240030,2,15,0,2,0,2,0,0,40,1
34,0,157747,2,10,0,2,0,2,7298,0,40,1
43,2,34218,2,10,0,2,0,2,0,0,40,0
43,0,326232,2,10,0,2,0,2,0,0,40,1
56,0,367984,2,11,0,2,0,2,15024,0,40,1
40,0,94080,2,12,0,2,0,2,0,0,40,1
45,0,247379,2,10,0,2,0,2,0,0,50,0
48,0,83444,2,11,0,2,0,2,0,0,43,1
51,2,254230,2,10,0,2,0,2,0,1977,58,1
35,2,193026,2,10,0,2,0,2,0,0,60,0
44,0,13769,2,10,0,2,0,2,0,0,40,1
52,0,186303,2,10,0,2,0,2,15024,0,55,1
47,2,209460,2,10,0,2,0,2,4386,0,40,1
47,0,172155,2,10,0,2,0,2,0,0,37,1
44,0,120057,2,12,0,2,0,2,4386,0,45,1
27,2,120126,2,10,0,2,0,2,0,0,40,0
39,1,187127,2,10,0,2,0,2,0,0,40,0
34,2,156192,2,10,0,2,0,2,0,0,45,1
37,0,114591,2,12,1,2,3,1,0,0,50,1
49,2,30751,2,11,2,2,3,2,0,0,60,0
23,0,74568,2,10,1,2,3,2,0,0,40,0
40,2,230478,2,12,2,2,3,2,0,0,30,0
90,0,227796,2,12,1,2,3,2,6097,0,45,1
63,0,195540,2,11,2,2,3,2,0,1408,40,0
35,0,139647,2,10,2,2,3,1,0,0,40,1
40,0,279679,2,10,2,2,3,2,0,0,45,0
57,0,296152,2,10,2,2,6,1,594,0,10,0
27,0,147340,2,10,1,2,4,1,0,0,40,0
32,0,370160,2,10,2,2,5,1,0,0,40,0
35,0,180137,2,10,2,2,5,2,0,0,60,0
26,2,192652,2,10,1,2,5,2,0,0,15,0
32,0,170154,2,12,2,2,5,1,25236,0,50,1
35,0,199501,2,12,2,2,5,1,0,0,50,0
51,0,189762,2,10,0,2,1,1,0,0,15,1
42,0,208875,2,10,0,2,1,1,0,0,40,1
44,2,35166,2,10,0,3,0,2,0,0,75,0
50,2,34067,2,10,0,3,0,2,0,0,60,1
44,2,53956,2,10,0,3,0,2,0,0,45,0
39,0,348521,2,10,0,3,0,2,0,2415,99,1
22,0,199555,2,10,1,3,4,2,0,0,25,0
23,0,384651,2,10,0,4,0,2,0,0,40,0
30,0,149787,2,10,0,4,0,2,0,0,40,0
48,0,43479,2,11,0,4,0,2,5013,0,40,0
45,0,353824,2,10,0,4,0,2,0,0,40,1
48,0,182313,2,10,0,4,0,2,0,0,40,0
47,1,218325,2,12,0,4,0,2,0,0,40,1
50,0,162327,2,10,0,4,0,2,0,0,50,0
43,0,88913,2,10,1,4,4,1,1055,0,40,0
23,0,195508,2,10,1,4,4,2,0,0,20,0
30,1,27051,2,10,1,4,4,2,0,0,40,0
20,0,199011,2,10,1,4,4,2,0,0,12,0
52,0,165998,2,10,0,5,0,2,0,0,40,0
30,0,75167,2,10,0,5,0,2,0,0,40,1
27,0,152231,2,10,0,5,0,2,0,0,45,0
51,0,192182,2,10,0,5,0,2,7298,0,40,1
35,0,52738,2,10,0,5,0,2,0,0,46,0
36,0,99146,2,10,0,5,0,2,0,1887,40,1
46,0,206707,2,10,2,5,3,1,0,0,40,0
22,0,183083,2,10,1,5,3,1,0,0,35,0
52,0,30846,2,10,2,5,3,1,0,0,40,0
23,0,187513,2,11,1,5,4,2,0,0,40,0
37,0,446390,2,10,0,5,1,1,0,0,40,1
35,2,199753,2,10,0,6,0,2,0,0,60,0
49,1,139268,2,10,0,6,0,2,0,0,70,1
47,2,159399,2,11,0,6,0,2,0,0,45,0
40,0,316820,2,10,0,6,0,2,0,1485,40,0
56,2,220187,2,10,0,6,0,2,0,0,45,1
24,0,283806,2,10,1,6,3,1,0,0,40,0
31,0,264936,2,10,1,6,3,1,0,0,40,0
20,0,190429,2,10,1,6,3,1,0,0,40,0
33,0,114764,2,10,2,6,3,1,0,0,40,0
22,0,147253,2,10,1,6,3,2,0,0,15,0
19,0,47235,2,10,1,6,3,1,0,0,75,0
57,0,106910,2,11,2,6,6,1,0,0,40,0
18,0,78181,2,10,1,6,6,1,0,0,40,0
18,0,148952,2,10,1,6,4,1,0,0,24,0
21,0,163333,2,10,1,6,4,1,0,0,35,0
20,0,199268,2,10,1,6,4,1,0,0,20,0
18,0,43272,2,10,1,6,4,2,0,0,20,0
23,0,140764,2,11,1,6,4,1,0,0,15,0
18,0,145005,2,10,1,6,4,2,0,0,20,0
21,2,318865,2,10,1,6,4,2,0,0,30,0
34,0,90409,2,10,1,6,4,2,0,0,40,0
31,0,273324,2,10,1,6,4,2,0,1721,16,0
28,0,181291,2,10,0,6,4,1,7688,0,40,1
43,1,134782,2,12,3,6,5,1,0,0,30,0
45,0,194134,2,11,1,6,5,1,0,0,40,0
46,0,95864,2,10,2,6,5,1,0,0,40,0
45,0,140581,2,10,3,6,5,1,0,0,40,0
43,0,26252,2,10,2,6,5,1,0,0,36,0
28,0,45613,2,10,1,7,3,1,0,0,40,0
52,2,146574,2,15,0,8,0,2,0,0,40,1
61,2,163174,2,15,0,8,0,2,0,0,35,1
47,0,387468,2,10,0,8,0,2,0,0,40,1
33,0,405913,2,10,0,8,0,2,0,0,40,1
41,1,219155,2,15,0,8,0,2,0,0,50,1
50,0,145033,2,15,0,8,0,2,0,2415,60,1
48,2,219021,2,15,0,8,0,2,0,0,35,1
45,0,259463,2,11,0,8,0,2,0,0,40,1
46,0,169711,2,10,0,8,0,2,0,0,40,1
47,2,102308,2,15,0,8,0,2,0,2415,45,1
44,2,311357,2,15,0,8,0,2,0,0,50,1
48,0,349986,2,15,0,8,0,2,99999,0,50,1
66,2,182470,2,15,0,8,0,2,0,0,25,1
45,0,252079,2,10,0,8,0,2,0,0,50,1
42,2,23813,2,10,0,8,0,2,2885,0,30,0
40,2,191429,2,15,0,8,0,2,15024,0,40,1
39,0,218490,2,15,0,8,0,2,15024,0,60,1
43,0,194726,2,15,0,8,0,2,15024,0,55,1
52,2,64045,2,15,0,8,0,2,99999,0,45,1
44,0,332401,2,15,0,8,0,2,99999,0,65,1
49,0,203067,2,10,0,8,0,2,0,0,40,1
45,2,244813,2,15,0,8,0,2,0,0,38,1
44,0,307468,2,15,0,8,0,2,0,0,29,1
37,0,107302,2,10,0,8,0,2,15024,0,45,1
47,0,408788,2,11,0,8,0,2,0,0,40,1
41,1,133060,2,12,0,8,0,2,0,0,40,1
66,2,115880,2,10,0,8,0,2,0,0,40,0
50,0,400630,2,15,0,8,0,2,0,0,36,1
32,1,247481,2,12,0,8,0,2,0,0,48,1
26,0,291968,2,15,0,8,0,2,0,1977,40,1
35,2,135436,2,15,0,8,0,2,0,0,50,1
29,2,75435,2,10,0,8,0,2,0,0,40,0
53,0,151580,2,10,0,8,0,2,15024,0,40,1
35,0,258339,2,15,0,8,0,2,0,0,55,1
34,0,208043,2,11,0,8,0,2,7298,0,45,1
39,0,40955,2,15,2,8,3,2,0,0,45,1
29,1,147256,2,12,1,8,3,2,0,0,40,1
39,0,347960,2,15,1,8,3,1,14084,0,35,1
52,0,186826,2,15,1,8,3,2,0,1564,40,1
28,0,332249,2,10,1,8,3,2,0,0,25,0
37,0,82576,2,15,2,8,3,2,14084,0,36,1
42,0,192569,2,15,2,8,3,1,0,0,39,1
20,0,39477,2,10,1,8,3,1,0,0,30,0
40,0,105794,2,15,1,8,3,1,14084,0,50,1
51,1,335481,2,10,2,8,3,1,0,0,40,1
22,0,246965,2,10,1,8,3,2,0,0,12,0
29,0,236436,2,12,1,8,3,1,8614,0,40,1
45,2,149640,2,15,1,8,3,2,0,0,30,1
51,1,194475,2,10,2,8,3,1,0,0,40,0
21,1,173534,2,10,1,8,4,1,0,0,40,0
30,0,176410,2,11,0,8,4,1,7298,0,16,1
48,1,183486,2,11,2,8,5,1,0,0,56,1
45,2,208802,2,15,2,8,5,2,25236,0,36,1
55,1,123382,2,11,2,8,5,1,0,0,35,0
45,1,319666,2,15,2,8,5,1,0,0,43,0
59,0,69884,2,15,3,8,5,2,0,0,50,0
35,0,200426,2,11,3,8,5,1,0,0,44,0
63,2,167501,2,10,0,8,1,1,20051,0,10,1
34,2,196791,2,12,0,8,1,1,0,0,25,1
30,0,97757,2,11,0,8,1,1,0,0,36,1
52,0,229983,2,15,0,8,1,1,3103,0,30,1
41,2,151990,2,11,0,8,1,1,0,0,15,1
46,0,205816,2,11,0,8,1,1,0,0,40,1
40,2,406811,2,10,0,8,1,1,0,0,40,1
45,1,169711,2,12,0,7,0,2,15024,0,72,1
47,1,352614,2,12,0,7,0,2,0,0,40,1
33,1,34080,2,10,0,7,0,2,0,0,40,1
44,1,277533,2,10,0,7,0,2,0,0,40,1
42,1,194417,2,10,0,7,0,2,0,0,40,1
29,1,224858,2,10,0,7,0,2,0,0,60,0
46,1,216414,2,10,0,7,0,2,0,0,40,1
22,1,249727,2,10,0,7,0,2,0,0,40,1
33,1,267859,2,10,0,7,0,2,0,0,40,0
39,1,183620,2,10,1,7,3,1,0,0,40,1
23,1,1117718,2,10,1,7,3,2,0,0,30,0
25,1,315287,2,10,1,7,6,2,0,0,40,0
34,0,263908,2,10,0,9,0,2,0,0,50,0
40,2,194360,2,11,0,9,0,2,0,0,72,1
55,2,124137,2,10,0,9,0,2,0,0,40,1
50,0,176240,2,10,0,9,0,2,0,0,50,1
54,2,206964,2,10,0,9,0,2,0,1977,40,1
51,2,30012,2,10,0,9,0,2,0,0,50,1
58,0,196502,2,10,0,9,0,2,0,0,60,1
42,0,297266,2,10,0,9,0,2,0,0,90,1
46,0,42251,2,10,0,9,0,2,0,0,45,1
68,2,211584,2,10,0,9,0,2,0,0,40,1
51,2,276456,2,12,0,9,0,2,3103,0,30,1
35,0,356250,2,15,0,9,0,2,0,0,35,0
53,0,177063,2,10,0,9,0,2,0,0,45,1
35,2,340110,2,10,0,9,0,2,0,0,50,1
53,2,290640,2,10,0,9,0,2,0,0,50,1
57,0,112840,2,10,0,9,0,2,0,0,50,1
38,2,312232,2,10,0,9,0,2,0,0,50,1
68,2,133736,2,10,0,9,0,2,20051,0,40,1
51,0,274528,2,10,0,9,0,2,0,0,40,0
42,0,34278,2,10,0,9,0,2,0,0,50,1
37,0,234901,2,10,0,9,0,2,0,0,50,1
52,0,357596,2,10,0,9,0,2,0,0,48,1
58,0,315081,2,12,0,9,0,2,0,0,42,1
22,0,91842,2,10,1,9,3,1,0,0,42,0
58,2,96609,2,10,2,9,3,1,0,0,40,0
30,0,373213,2,11,2,9,3,1,0,0,40,1
23,0,82998,2,10,1,9,3,2,0,0,30,0
23,0,174754,2,10,1,9,3,1,0,0,30,0
53,0,288216,2,10,3,9,3,1,0,0,40,0
30,0,181992,2,10,1,9,3,1,0,0,35,0
34,0,208785,2,12,2,9,3,2,0,0,50,1
33,2,118267,2,12,2,9,3,2,0,0,60,0
50,2,197054,2,15,2,9,3,2,0,0,50,1
42,2,144236,2,10,1,9,3,2,0,0,60,0
26,0,126829,2,10,1,9,3,2,0,0,40,0
40,0,120277,2,10,1,9,3,2,0,0,40,0
30,0,197886,2,10,1,9,3,2,0,0,45,1
24,0,306779,2,10,1,9,3,2,0,0,65,0
20,0,34506,2,10,1,9,3,1,0,0,20,0
22,0,113703,2,10,1,9,6,2,0,0,20,0
20,0,146706,2,10,0,9,6,1,0,0,30,0
21,0,131473,2,10,1,9,4,2,0,0,20,0
19,0,276937,2,10,1,9,4,1,0,0,25,0
21,0,43587,2,10,1,9,4,1,0,0,30,0
26,0,193347,2,10,2,9,4,1,0,0,28,0
35,0,142874,2,12,3,9,4,1,0,0,36,0
27,0,200928,2,10,1,9,4,2,0,0,22,0
32,0,137875,2,10,2,9,5,1,0,0,30,0
43,0,142444,2,10,2,9,5,1,0,0,55,1
54,0,144586,2,10,0,9,1,1,0,0,40,1
35,2,82051,2,10,0,9,1,1,0,0,40,0
29,1,124953,2,11,0,10,0,2,0,0,42,1
34,0,35595,2,11,0,10,0,2,0,0,40,0
46,0,37718,2,12,0,10,0,2,0,1977,50,1
46,0,189123,2,12,0,10,0,2,7298,0,40,1
37,0,365739,2,12,0,10,0,2,0,0,40,1
31,0,212705,2,10,0,10,0,2,0,0,40,1
42,0,228320,2,10,0,10,0,2,0,0,50,1
39,0,79586,2,10,0,10,0,2,0,0,35,1
45,0,81132,2,10,0,10,0,2,0,0,55,1
27,1,24988,2,11,1,10,3,1,0,1564,72,1
27,0,129629,2,11,1,10,6,1,0,0,36,0
56,0,202220,2,10,2,10,5,1,0,0,38,0
41,0,291965,2,10,1,10,5,1,0,0,40,0
61,0,219886,2,10,0,10,1,1,0,0,40,1
29,1,376302,2,11,0,10,1,1,0,0,35,1
48,0,123681,2,10,0,11,0,2,0,0,40,1
43,1,145166,2,10,0,11,0,2,0,0,84,0
38,0,122076,2,10,0,11,0,2,7298,0,43,1
44,0,193494,2,10,0,11,0,2,0,0,72,1
24,0,60783,2,10,0,11,0,2,0,0,70,1
37,0,89718,2,10,0,11,0,2,0,0,45,0
48,2,296066,2,10,0,11,0,2,0,0,50,1
41,0,104196,2,10,2,11,3,2,0,0,60,0
28,0,292536,2,10,1,11,3,2,0,0,50,0
56,0,119859,2,10,2,11,3,2,0,0,40,1
35,0,183800,3,13,0,0,0,2,0,0,40,1
25,0,264012,3,13,0,0,0,2,0,0,45,1
37,1,397877,3,13,0,0,0,2,0,0,40,1
50,0,98975,3,13,0,0,0,2,15024,0,40,1
32,1,113129,3,13,0,0,0,2,0,0,38,1
34,1,191342,3,13,0,0,0,2,0,0,38,0
41,0,325159,3,13,0,0,0,2,0,0,50,0
33,0,207561,3,13,1,0,3,2,0,0,40,0
33,0,129707,3,13,1,0,3,2,0,0,60,1
28,0,192932,3,13,2,0,3,1,0,0,40,0
37,0,315291,3,13,1,0,6,1,0,0,40,0
22,0,194723,3,13,1,0,4,1,0,0,10,0
26,0,120268,3,13,1,0,4,2,0,0,24,0
45,0,204057,3,13,2,0,5,1,0,0,40,0
25,0,90752,3,13,0,0,1,1,0,0,40,0
62,0,211035,3,13,0,0,1,1,0,0,30,1
36,1,287821,3,13,0,0,1,1,0,0,40,1
41,0,341204,3,13,0,0,1,1,0,0,40,1
45,0,26502,3,13,0,1,0,2,0,0,72,1
45,0,77085,3,13,0,1,0,2,0,0,40,1
37,0,192939,3,13,0,1,0,2,0,0,40,1
38,0,187870,3,13,0,1,0,2,0,0,40,1
65,0,194456,3,13,0,1,0,2,0,0,40,1
50,1,137815,3,13,0,1,0,2,0,0,40,1
44,2,218653,3,13,2,1,4,2,0,0,40,0
33,0,178107,3,13,1,1,4,2,0,0,20,0
57,2,204387,3,13,0,2,0,2,0,1977,10,1
51,0,122533,3,13,0,2,0,2,0,0,40,1
45,0,192835,3,13,0,2,0,2,0,1977,55,1
45,2,270079,3,13,0,2,0,2,0,0,50,1
52,0,159755,3,13,0,2,0,2,0,1887,40,1
38,0,332154,3,13,0,2,0,2,0,0,60,1
51,0,311350,3,13,0,2,0,2,0,0,40,1
35,0,138441,3,13,0,2,0,2,0,0,40,1
34,0,42900,3,13,0,2,0,2,0,0,50,1
31,0,209101,3,13,0,2,0,2,0,0,50,1
33,2,123424,3,13,0,2,0,2,0,0,40,1
30,0,159589,3,13,0,2,0,2,0,1848,50,1
48,0,186172,3,13,0,2,0,2,0,0,45,1
48,2,51579,3,13,0,2,0,2,0,0,60,1
24,0,43387,3,13,0,2,0,2,0,0,55,1
44,0,367819,3,13,0,2,0,2,0,0,40,1
45,0,285060,3,13,0,2,0,2,0,0,50,1
44,2,212760,3,13,0,2,0,2,0,0,60,1
39,2,122353,3,13,0,2,0,2,7688,0,50,1
64,2,134960,3,13,0,2,0,2,15024,0,35,1
42,2,138162,3,13,0,2,0,2,0,0,45,0
48,1,201177,3,13,0,2,0,2,0,0,40,1
34,0,242460,3,13,0,2,0,2,7688,0,40,1
40,1,134638,3,13,0,2,0,2,0,0,39,0
54,0,337992,3,13,0,2,0,2,0,0,50,1
35,2,182148,3,13,0,2,0,2,0,0,60,1
29,2,102326,3,13,0,2,0,2,0,0,40,1
55,2,114495,3,13,0,2,0,2,0,2415,50,1
55,0,229029,3,13,0,2,0,2,15024,0,48,1
70,2,207938,3,13,0,2,0,2,0,2377,50,1
46,2,211020,3,13,0,2,0,2,15024,0,60,1
48,1,102359,3,13,0,2,0,2,7688,0,40,1
39,2,216473,3,13,0,2,0,2,0,0,60,1
29,2,168221,3,13,0,2,0,2,0,1740,70,0
53,0,96062,3,13,0,2,0,2,0,0,40,0
37,0,99146,3,13,0,2,0,2,0,1977,50,1
49,0,62546,3,13,0,2,0,2,0,0,40,1
44,0,110355,3,13,0,2,0,2,0,0,40,1
40,0,243580,3,13,0,2,0,2,0,0,44,1
34,0,318641,3,13,0,2,0,2,0,0,45,1
42,1,34218,3,13,0,2,0,2,7298,0,50,1
46,0,328216,3,13,0,2,0,2,15024,0,40,1
23,0,42251,3,13,1,2,3,1,0,0,45,0
34,0,160216,3,13,1,2,3,1,0,0,55,1
31,0,231263,3,13,2,2,3,2,4650,0,45,0
47,1,44257,3,13,3,2,3,2,0,0,60,1
47,2,112200,3,13,1,2,3,2,10520,0,45,1
26,0,37379,3,13,1,2,3,1,0,0,45,0
40,0,126701,3,13,3,2,3,2,0,0,40,1
71,0,118876,3,13,1,2,3,1,0,0,14,0
37,0,635913,3,13,1,2,3,2,0,0,60,1
37,0,271767,3,13,1,2,3,2,0,0,48,1
56,0,188856,3,13,1,2,3,1,8614,0,55,1
31,0,72630,3,13,1,2,3,2,14084,0,50,1
23,0,119051,3,13,1,2,3,2,0,0,40,0
26,0,666014,3,13,1,2,3,1,0,0,50,0
30,0,110622,3,13,2,2,3,1,0,0,40,0
49,0,120629,3,13,2,2,3,1,27828,0,60,1
54,0,205337,3,13,1,2,3,2,0,0,50,1
32,0,178691,3,13,1,2,4,1,0,0,45,0
28,0,44767,3,13,1,2,4,2,0,0,50,1
45,0,183168,3,13,2,2,5,1,0,0,40,0
33,0,547886,3,13,2,2,5,1,0,0,40,0
45,2,204196,3,13,2,2,5,2,0,0,50,1
34,2,337995,3,13,2,2,5,2,15020,0,50,1
27,0,123799,3,13,2,2,5,2,0,0,42,0
42,0,311920,3,13,0,2,1,1,0,1485,17,1
33,0,118941,3,13,0,2,1,1,0,0,32,1
46,2,65535,3,13,0,3,0,2,0,0,60,0
42,2,157562,3,13,0,3,0,2,0,1902,80,1
41,0,271753,3,13,0,3,0,2,0,0,40,0
25,0,102476,3,13,1,3,4,2,27828,0,50,1
59,0,189721,3,13,0,4,0,2,0,0,40,1
43,0,252519,3,13,0,4,0,2,0,0,40,1
28,1,180271,3,13,0,4,0,2,0,0,65,1
27,0,255979,3,13,0,5,0,2,0,0,40,0
26,0,178140,3,13,0,6,0,2,0,0,45,1
46,0,45288,3,13,1,6,3,2,0,0,40,0
26,0,192022,3,13,1,6,6,1,0,0,40,0
23,0,141272,3,13,1,6,4,1,0,0,30,0
22,0,882849,3,13,1,6,4,2,0,0,35,0
32,0,262092,3,13,0,8,0,2,7298,0,50,1
38,2,179481,3,13,0,8,0,2,0,0,50,0
34,1,230420,3,13,0,8,0,2,0,0,40,1
45,2,420986,3,13,0,8,0,2,0,0,40,1
32,0,134737,3,13,0,8,0,2,99999,0,50,1
62,2,113440,3,13,0,8,0,2,15024,0,40,1
52,0,162238,3,13,0,8,0,2,0,0,38,1
25,0,199224,3,13,0,8,0,2,0,0,45,1
44,1,55363,3,13,0,8,0,2,0,1887,40,1
66,0,127139,3,13,0,8,0,2,0,0,40,1
30,0,94235,3,13,0,8,0,2,0,0,60,0
42,2,308279,3,13,0,8,0,2,0,0,21,0
34,0,186824,3,13,0,8,0,2,0,0,40,0
30,1,107142,3,13,0,8,0,2,0,0,37,1
32,0,396745,3,13,0,8,0,2,0,2415,48,1
40,2,458168,3,13,0,8,0,2,0,0,60,0
39,0,284166,3,13,0,8,0,2,0,1902,50,1
42,0,52781,3,13,0,8,0,2,7688,0,40,1
59,0,165922,3,13,0,8,0,2,15024,0,40,1
34,0,185216,3,13,0,8,0,2,0,0,40,1
35,0,167140,3,13,0,8,0,2,5013,0,40,0
46,1,122177,3,13,0,8,0,2,0,0,60,0
43,1,28451,3,13,0,8,0,2,0,0,37,1
45,0,191098,3,13,0,8,0,2,0,0,40,0
38,1,203628,3,13,0,8,0,2,0,0,45,1
48,1,127921,3,13,0,8,0,2,0,0,40,0
36,0,111128,3,13,0,8,0,2,0,0,48,1
53,1,155594,3,13,0,8,0,2,0,0,40,1
43,2,35034,3,13,0,8,0,2,0,0,21,0
35,2,242080,3,13,0,8,0,2,7298,0,45,1
41,0,32878,3,13,0,8,0,2,0,0,45,1
52,0,270221,3,13,0,8,0,2,15024,0,44,1
32,1,113838,3,13,0,8,0,2,0,0,40,1
28,0,132078,3,13,1,8,3,1,0,0,40,0
24,0,190293,3,13,1,8,3,1,0,0,40,0
59,2,188003,3,13,3,8,3,1,0,0,50,1
27,1,106179,3,13,3,8,3,1,0,0,50,0
27,0,216481,3,13,1,8,3,1,0,0,40,0
62,1,202056,3,13,2,8,3,2,14084,0,40,1
26,1,117833,3,13,1,8,3,1,4865,0,35,0
31,0,226443,3,13,1,8,3,2,0,0,40,0
29,2,198286,3,13,1,8,3,1,0,0,40,0
58,1,158357,3,13,2,8,3,1,0,0,40,0
32,0,114937,3,13,1,8,3,2,6849,0,40,0
40,1,27444,3,13,1,8,3,2,0,0,50,1
42,1,281315,3,13,1,8,3,2,0,0,50,0
24,1,232918,3,13,1,8,3,2,0,0,20,0
60,0,125019,3,13,2,8,3,1,8614,0,48,1
28,0,209205,3,13,1,8,3,2,0,0,60,1
44,1,264016,3,13,0,8,6,1,0,0,40,0
27,2,153546,3,13,1,8,4,1,0,0,40,0
46,1,148995,3,13,1,8,4,2,4787,0,45,1
25,0,141876,3,13,1,8,4,2,0,0,40,0
36,0,150042,3,13,2,8,4,1,0,0,40,0
27,1,29174,3,13,1,8,5,1,0,0,40,0
75,2,146576,3,13,3,8,5,2,0,0,48,1
42,1,147510,3,13,2,8,5,2,0,0,40,0
25,0,166977,3,13,0,8,1,1,0,1887,40,1
49,1,160812,3,13,0,8,1,1,0,0,40,1
48,2,317360,3,13,0,8,1,1,0,0,20,1
39,0,184117,3,13,0,8,1,1,7688,0,20,1
48,1,334409,3,13,0,8,1,1,0,0,50,1
53,1,182677,3,13,0,7,0,2,0,0,50,0
67,0,171584,3,13,0,7,0,2,6514,0,7,1
34,1,226296,3,13,0,7,0,2,0,0,40,1
30,1,159773,3,13,0,7,0,2,0,0,45,1
30,1,181091,3,13,0,7,0,2,0,0,40,0
40,2,173716,3,13,0,9,0,2,0,0,45,1
35,0,193026,3,13,0,9,0,2,0,0,45,1
46,2,236852,3,13,0,9,0,2,0,0,45,1
49,0,78529,3,13,0,9,0,2,0,0,60,0
46,0,129232,3,13,0,9,0,2,0,0,55,1
34,0,100882,3,13,0,9,0,2,0,0,47,1
46,2,366089,3,13,0,9,0,2,0,0,60,1
49,2,38819,3,13,0,9,0,2,0,0,50,1
32,0,260868,3,13,0,9,0,2,0,0,40,1
33,0,218407,3,13,0,9,0,2,0,0,80,1
52,0,288353,3,13,0,9,0,2,99999,0,48,1
53,0,302868,3,13,0,9,0,2,0,0,50,1
43,2,304906,3,13,0,9,0,2,0,0,45,1
49,0,268022,3,13,0,9,0,2,0,0,50,1
39,2,329980,3,13,0,9,0,2,0,2415,60,1
35,0,188069,3,13,0,9,0,2,0,0,60,1
34,2,209538,3,13,0,9,0,2,0,0,50,1
49,0,268090,3,13,0,9,0,2,0,0,26,1
42,2,1097453,3,13,0,9,0,2,0,0,60,1
51,2,145409,3,13,0,9,0,2,15024,0,50,1
61,0,51385,3,13,0,9,0,2,0,0,50,1
49,2,83444,3,13,0,9,0,2,0,0,85,1
34,0,617917,3,13,0,9,0,2,0,1887,40,1
34,0,84154,3,13,0,9,0,2,0,0,50,0
38,0,184801,3,13,0,9,0,2,0,0,60,1
28,0,115677,3,13,0,9,0,2,7688,0,40,1
31,0,162572,3,13,0,9,0,2,15024,0,60,1
43,0,226902,3,13,0,9,0,2,0,0,50,1
40,0,110862,3,13,0,9,0,2,0,0,50,1
38,0,331395,3,13,0,9,0,2,0,0,38,0
44,2,242434,3,13,2,9,3,1,27828,0,60,1
37,0,161111,3,13,1,9,3,1,0,0,40,0
25,0,361493,3,13,1,9,3,2,3325,0,40,0
28,2,37088,3,13,1,9,3,2,0,0,50,0
35,0,117381,3,13,2,9,3,2,0,0,40,0
49,0,187634,3,13,2,9,3,1,0,0,50,1
40,0,175935,3,13,2,9,3,2,14084,0,40,1
40,0,144778,3,13,3,9,3,2,0,0,40,1
33,0,127651,3,13,1,9,3,2,8614,0,40,1
31,2,181485,3,13,1,9,3,2,0,0,40,1
30,0,118551,3,13,1,9,3,1,0,0,35,1
34,0,213226,3,13,1,9,3,2,0,0,65,1
30,0,127610,3,13,1,9,4,1,0,0,20,0
34,0,137991,3,13,1,9,4,1,0,0,35,0
39,0,30875,3,13,2,9,5,1,0,0,40,1
43,0,179866,3,13,2,9,5,1,0,0,40,1
25,0,193787,3,13,0,9,1,1,0,0,45,0
56,0,182062,3,13,0,10,0,2,0,0,48,1
41,1,130760,3,13,0,10,0,2,0,0,24,0
40,2,140915,3,13,0,10,0,2,0,0,40,1
28,0,267661,3,13,1,10,3,2,0,0,45,0
23,0,103064,3,13,1,10,3,1,0,0,40,0
23,0,348420,3,13,1,10,3,2,0,0,40,0
27,0,110073,3,13,1,10,3,2,0,0,40,1
30,1,35683,3,13,2,10,3,1,0,0,40,0
31,0,193132,3,13,1,10,3,1,0,0,42,0
23,0,180497,3,13,1,10,4,1,0,0,32,0
43,0,176716,3,13,0,11,0,2,0,0,70,1
45,2,102771,3,13,0,11,0,2,0,0,40,1
37,2,33975,3,13,2,11,3,2,0,0,50,0
52,1,35092,5,16,0,2,0,2,0,0,40,1
54,1,34832,5,16,0,2,0,2,0,0,60,1
54,1,188809,5,16,1,2,3,1,0,0,50,1
53,0,82646,5,16,2,2,3,1,0,0,55,1
54,1,137065,5,16,1,2,3,1,0,0,40,1
49,0,330535,5,16,2,2,5,2,0,0,40,1
42,2,443508,5,16,0,8,0,2,0,0,45,1
33,0,36222,5,16,0,8,0,2,0,0,45,1
38,2,239045,5,16,0,8,0,2,0,0,50,1
46,0,344415,5,16,0,8,0,2,0,0,40,1
53,1,229465,5,16,0,8,0,2,0,0,50,1
37,1,160910,5,16,0,8,0,2,0,0,45,0
47,1,29023,5,16,0,8,0,2,0,0,40,1
54,2,147239,5,16,0,8,0,2,0,0,60,1
53,2,100029,5,16,0,8,0,2,0,0,40,1
42,0,146659,5,16,0,8,0,2,0,1902,50,1
59,0,146391,5,16,0,8,0,2,0,0,50,1
33,1,150688,5,16,0,8,0,2,0,0,50,1
40,0,145160,5,16,0,8,0,2,0,0,40,1
49,2,43348,5,16,1,8,3,2,99999,0,70,1
29,0,40083,5,16,1,8,3,2,0,0,40,0
36,2,177907,5,16,1,8,3,2,0,0,40,1
34,0,347166,5,16,1,8,3,2,0,0,50,1
51,1,367209,5,16,3,8,3,2,0,0,70,1
48,1,452402,5,16,1,8,5,1,0,0,15,0
34,1,56964,5,16,0,8,1,1,0,0,50,1
33,1,340899,5,16,0,10,0,2,0,0,45,1
61,0,183355,1,9,0,0,0,2,0,0,40,1
62,1,125155,1,9,0,0,0,2,0,0,38,0
46,1,78022,1,9,0,0,0,2,0,0,40,1
29,0,229124,1,9,0,0,0,2,0,0,48,1
44,0,167005,1,9,0,0,0,2,0,0,48,1
39,0,279323,1,9,0,0,0,2,0,0,40,0
33,0,223105,1,9,0,0,0,2,0,0,40,0
37,1,125933,1,9,0,0,0,2,0,0,40,1
54,0,195015,1,9,1,0,3,1,0,0,40,0
68,1,137518,1,9,3,0,3,1,0,0,33,0
53,0,308764,1,9,2,0,3,1,0,0,45,0
49,0,31264,1,9,2,0,3,1,0,0,35,0
36,0,116608,1,9,1,0,3,1,4865,0,40,0
35,0,182898,1,9,1,0,3,2,8614,0,40,1
26,0,314798,1,9,1,0,3,2,0,0,50,0
37,1,39207,1,9,1,0,3,2,0,0,40,1
55,0,326297,1,9,2,0,3,1,0,0,25,0
34,0,344073,1,9,2,0,3,2,0,0,40,1
18,0,27620,1,9,1,0,3,1,0,0,25,0
50,0,116814,1,9,3,0,3,1,0,0,40,0
23,0,184665,1,9,1,0,3,1,0,0,50,0
23,0,201664,1,9,0,0,6,2,0,0,40,0
21,0,351381,1,9,1,0,4,1,0,0,40,0
30,0,302473,1,9,1,0,4,1,0,0,40,0
44,0,180019,1,9,3,0,5,1,0,0,40,0
39,1,119421,1,9,2,0,5,1,0,625,35,0
44,0,77313,1,9,2,0,5,1,0,0,40,0
43,0,146770,1,9,3,0,5,1,0,0,40,0
59,0,66440,1,9,2,0,5,1,0,0,40,0
37,0,234807,1,9,2,0,5,1,0,0,37,0
90,0,313749,1,9,3,0,5,1,0,0,25,0
41,0,49654,1,9,2,0,5,1,0,0,52,0
57,0,113974,1,9,2,0,5,1,0,0,40,0
41,1,176663,1,9,0,0,1,1,0,0,40,0
42,0,202872,1,9,0,0,1,1,0,0,36,1
50,1,117496,1,9,0,0,1,1,7298,0,30,1
51,0,123429,1,9,0,1,0,2,15024,0,40,1
41,0,112283,1,9,0,1,0,2,0,0,60,1
57,2,165922,1,9,0,1,0,2,0,0,50,0
43,0,210013,1,9,0,1,0,2,0,0,40,0
32,0,152109,1,9,0,1,0,2,0,0,48,0
38,0,245090,1,9,0,1,0,2,0,0,40,0
44,1,320071,1,9,0,1,0,2,0,0,40,1
46,0,248059,1,9,0,1,0,2,3464,0,40,0
30,0,553405,1,9,0,1,0,2,0,0,40,1
49,0,193047,1,9,0,1,0,2,0,0,45,1
60,2,376973,1,9,0,1,0,2,0,0,42,1
43,2,75993,1,9,0,1,0,2,0,0,35,0
35,1,184659,1,9,0,1,0,2,0,1485,40,1
45,0,217953,1,9,0,1,0,2,0,0,40,0
57,2,208018,1,9,0,1,0,2,0,0,40,1
47,0,187440,1,9,0,1,0,2,5178,0,40,1
41,0,41090,1,9,0,1,0,2,0,2002,60,0
27,0,122038,1,9,0,1,0,2,0,0,48,0
45,0,171540,1,9,0,1,0,2,0,0,40,0
39,1,89508,1,9,0,1,0,2,0,0,40,1
51,0,186338,1,9,0,1,0,2,0,0,40,1
32,1,111567,1,9,0,1,0,2,0,0,49,1
34,0,260560,1,9,0,1,0,2,0,0,55,1
41,0,202980,1,9,0,1,0,2,0,0,4,0
42,0,33155,1,9,0,1,0,2,0,0,85,0
23,0,97472,1,9,0,1,0,2,0,0,40,0
28,1,335015,1,9,0,1,0,2,0,0,40,0
38,0,204527,1,9,0,1,0,2,0,0,50,0
36,2,350103,1,9,0,1,0,2,0,0,40,0
44,2,194636,1,9,0,1,0,2,3137,0,50,0
39,2,543042,1,9,0,1,0,2,5178,0,50,1
20,0,266467,1,9,0,1,0,2,0,0,40,0
32,0,193231,1,9,0,1,0,2,0,0,40,0
52,2,313243,1,9,0,1,0,2,0,0,55,1
38,0,154410,1,9,0,1,0,2,0,2051,40,0
51,2,246820,1,9,0,1,0,2,7298,0,48,1
40,2,85668,1,9,0,1,0,2,0,0,40,0
50,0,128478,1,9,0,1,0,2,0,0,60,1
35,2,170174,1,9,0,1,0,2,7298,0,60,1
39,1,382859,1,9,0,1,0,2,0,0,40,1
36,0,104772,1,9,0,1,0,2,0,0,40,1
38,0,144860,1,9,0,1,0,2,0,0,65,0
51,1,48358,1,9,0,1,0,2,3103,0,52,1
29,0,207064,1,9,0,1,0,2,0,0,40,1
34,2,204052,1,9,0,1,0,2,0,0,40,1
46,0,186172,1,9,0,1,0,2,0,0,50,1
47,0,205730,1,9,0,1,0,2,0,0,56,1
90,0,175491,1,9,0,1,0,2,9386,0,50,1
41,0,100451,1,9,0,1,0,2,7688,0,38,1
39,0,129764,1,9,0,1,0,2,0,0,40,0
35,0,65876,1,9,0,1,0,2,0,0,40,0
60,2,197060,1,9,0,1,0,2,0,0,30,0
50,0,33304,1,9,0,1,0,2,0,0,40,1
40,2,93793,1,9,0,1,0,2,0,0,50,1
43,0,266324,1,9,0,1,0,2,0,1902,99,1
37,0,339772,1,9,0,1,0,2,0,0,40,0
52,0,154342,1,9,0,1,0,2,0,0,48,1
64,0,301352,1,9,0,1,0,2,0,0,40,0
47,0,185465,1,9,0,1,0,2,0,0,40,0
35,2,278632,1,9,0,1,0,2,0,0,40,0
38,1,193026,1,9,0,1,0,2,0,0,50,1
36,0,148581,1,9,0,1,0,2,0,0,55,1
44,0,160574,1,9,0,1,0,2,0,0,65,1
34,0,66309,1,9,0,1,0,2,0,0,35,0
32,1,127651,1,9,0,1,0,2,0,0,40,1
30,0,105908,1,9,0,1,0,2,0,0,40,0
61,0,71209,1,9,0,1,0,2,0,0,45,1
44,0,182402,1,9,0,1,0,2,0,0,40,1
43,1,594194,1,9,0,1,0,2,0,0,40,1
33,0,125856,1,9,0,1,0,2,0,0,40,0
55,0,35551,1,9,2,1,3,2,0,0,40,0
31,2,189843,1,9,1,1,3,2,0,0,45,0
44,0,221172,1,9,1,1,3,2,0,0,30,0
37,2,184655,1,9,1,1,3,2,0,0,35,0
33,0,100294,1,9,2,1,3,2,0,0,50,0
23,0,53306,1,9,1,1,3,2,0,0,30,0
38,0,89202,1,9,2,1,3,2,0,0,40,0
41,0,149102,1,9,3,1,3,2,0,0,40,0
49,2,123598,1,9,1,1,3,2,0,0,30,0
44,2,92162,1,9,2,1,3,2,0,0,40,0
44,0,343591,1,9,2,1,3,1,14344,0,40,1
25,0,391591,1,9,1,1,3,2,0,0,50,0
26,0,33610,1,9,1,1,6,2,0,0,60,0
23,0,287681,1,9,1,1,4,2,0,0,40,0
21,0,25265,1,9,1,1,4,2,0,0,40,0
31,0,301251,1,9,1,1,4,2,0,0,40,0
23,0,231929,1,9,1,1,4,2,0,0,40,0
19,0,228577,1,9,1,1,4,2,0,0,36,0
48,0,278530,1,9,2,1,5,2,0,0,40,0
49,0,186706,1,9,0,1,1,1,7688,0,40,1
50,0,150876,1,9,0,2,0,2,0,1887,55,1
50,0,102615,1,9,0,2,0,2,0,1902,40,1
42,2,50356,1,9,0,2,0,2,0,0,40,0
32,0,26803,1,9,0,2,0,2,0,0,50,1
29,2,160786,1,9,0,2,0,2,0,0,55,0
59,2,325732,1,9,0,2,0,2,0,1902,52,1
49,0,122066,1,9,0,2,0,2,0,0,30,0
64,2,31826,1,9,0,2,0,2,0,0,45,1
52,0,190909,1,9,0,2,0,2,0,0,40,1
73,2,177387,1,9,0,2,0,2,0,0,40,0
65,0,155261,1,9,0,2,0,2,0,0,40,1
41,0,193882,1,9,0,2,0,2,15024,0,65,1
43,2,214503,1,9,0,2,0,2,0,1887,45,1
49,0,165468,1,9,0,2,0,2,7688,0,55,1
39,2,306678,1,9,0,2,0,2,0,0,40,1
26,0,190916,1,9,0,2,0,2,0,0,40,0
23,0,419554,1,9,0,2,0,2,0,0,54,0
67,0,127921,1,9,0,2,0,2,9386,0,40,1
46,0,193047,1,9,0,2,0,2,0,0,40,1
46,0,405309,1,9,0,2,0,2,0,0,40,0
61,2,227119,1,9,0,2,0,2,0,0,40,1
50,1,50459,1,9,0,2,0,2,0,0,42,1
37,1,239409,1,9,2,2,3,2,0,0,40,1
56,2,51916,1,9,2,2,3,2,0,0,50,1
82,2,181912,1,9,2,2,3,2,0,0,12,0
46,0,345073,1,9,2,2,3,2,0,0,48,1
28,0,122922,1,9,1,2,3,1,0,0,50,0
51,0,100933,1,9,1,2,6,1,0,0,40,0
59,0,124318,1,9,2,2,6,1,0,0,45,0
18,0,86150,1,9,1,2,4,1,0,0,15,0
43,2,303211,1,9,1,2,4,2,0,0,40,0
54,0,329733,1,9,1,2,5,2,0,0,40,1
27,0,277760,1,9,2,2,5,1,0,0,40,0
52,2,284648,1,9,2,2,5,1,0,0,99,1
47,1,174126,1,9,3,2,5,1,0,0,40,0
34,2,196512,1,9,2,2,5,1,0,2472,35,1
48,0,105138,1,9,2,2,5,1,0,0,40,0
53,1,110510,1,9,0,2,1,1,0,0,50,1
31,0,323985,1,9,0,2,1,1,0,0,40,1
58,2,154537,1,9,0,2,1,1,0,0,20,1
43,2,38876,1,9,0,3,0,2,0,0,50,0
42,2,39539,1,9,0,3,0,2,0,0,99,1
31,0,121321,1,9,0,3,0,2,0,0,40,0
53,0,194791,1,9,0,3,0,2,0,0,45,0
36,2,138940,1,9,0,3,0,2,0,0,70,0
26,0,32276,1,9,1,3,3,2,0,0,40,0
32,0,153471,1,9,1,3,3,2,0,0,35,0
38,2,37778,1,9,1,3,3,2,0,0,60,0
45,0,54260,1,9,1,3,3,2,0,0,60,0
24,0,281403,1,9,1,3,4,2,0,0,98,0
29,0,158218,1,9,1,3,5,2,0,0,35,0
55,0,193130,1,9,0,4,0,2,0,1887,40,1
30,0,382368,1,9,0,4,0,2,0,0,40,0
36,0,113397,1,9,0,4,0,2,0,0,40,0
35,0,89040,1,9,0,4,0,2,0,0,40,1
36,0,102729,1,9,0,4,0,2,0,0,45,1
30,0,33945,1,9,0,4,0,2,0,0,40,0
35,0,139086,1,9,0,4,0,2,0,0,40,0
55,0,105582,1,9,0,4,0,2,3103,0,40,1
40,0,125461,1,9,0,4,0,2,0,0,40,0
21,0,285127,1,9,1,4,3,1,0,0,40,0
25,0,220220,1,9,1,4,3,2,0,0,47,0
22,0,240063,1,9,1,4,4,2,0,0,40,0
19,0,265576,1,9,1,4,4,2,0,0,50,0
23,0,174626,1,9,1,4,4,2,0,0,25,0
43,0,157473,1,9,0,4,1,1,0,0,48,1
44,0,138845,1,9,0,5,0,2,0,0,45,0
41,0,256647,1,9,0,5,0,2,0,0,40,0
40,0,121012,1,9,0,5,0,2,0,0,40,0
32,0,231413,1,9,0,5,0,2,0,0,40,1
37,0,389725,1,9,0,5,0,2,7298,0,40,1
53,0,231919,1,9,0,5,0,2,0,0,45,0
33,0,160634,1,9,0,5,0,2,0,0,50,1
29,0,161097,1,9,0,5,0,2,0,0,40,1
36,0,226013,1,9,0,5,0,2,5178,0,40,1
41,0,222142,1,9,0,5,0,2,0,0,40,0
59,0,168569,1,9,0,5,0,2,0,1887,40,1
31,0,140206,1,9,0,5,0,2,0,0,40,1
36,0,117381,1,9,0,5,0,2,0,0,40,0
58,0,182123,1,9,0,5,0,2,0,0,44,0
45,0,191858,1,9,0,5,0,2,0,0,45,1
26,0,233777,1,9,0,5,0,2,0,0,40,1
47,0,115358,1,9,2,5,3,1,0,0,40,0
49,0,162264,1,9,1,5,3,2,0,0,40,0
39,0,370585,1,9,2,5,3,2,0,0,40,0
48,0,107682,1,9,3,5,3,1,0,0,10,0
32,0,188557,1,9,1,5,3,2,0,0,40,0
18,0,211344,1,9,1,5,4,2,0,0,40,0
21,0,131620,1,9,3,5,4,1,0,0,40,0
45,0,189123,1,9,1,5,4,2,0,0,40,0
39,0,166697,1,9,1,5,4,1,0,0,35,0
28,0,291789,1,9,1,5,5,1,0,0,50,0
24,0,216563,1,9,0,5,1,1,0,0,40,0
65,1,205024,1,9,0,6,0,2,0,0,8,0
42,0,89226,1,9,0,6,0,2,7688,0,40,1
42,0,198282,1,9,0,6,0,2,0,0,40,0
33,2,137674,1,9,0,6,0,2,0,0,40,0
29,0,126822,1,9,0,6,0,2,0,0,35,0
73,0,199362,1,9,0,6,0,2,0,0,30,0
61,0,119684,1,9,0,6,0,2,0,0,50,0
22,0,21154,1,9,1,6,3,1,0,1590,32,0
34,0,45522,1,9,1,6,3,2,0,0,40,0
51,0,103824,1,9,1,6,3,2,0,0,40,0
22,0,54164,1,9,1,6,3,2,14084,0,60,1
59,0,212783,1,9,2,6,3,1,0,0,38,0
42,0,226388,1,9,2,6,3,2,0,0,52,0
35,0,379959,1,9,2,6,3,1,0,0,40,0
19,0,127491,1,9,1,6,3,2,0,0,40,0
73,0,29778,1,9,3,6,3,1,0,0,37,0
52,0,31460,1,9,2,6,3,2,0,0,38,0
20,0,148509,1,9,1,6,3,1,0,0,40,0
21,0,316184,1,9,1,6,6,2,0,0,40,0
52,0,158993,1,9,2,6,6,1,0,0,38,0
35,0,155961,1,9,1,6,4,1,0,0,35,0
26,0,343506,1,9,1,6,4,1,0,0,40,0
22,0,59924,1,9,1,6,4,1,0,0,40,0
31,1,498267,1,9,2,6,4,2,0,0,40,0
31,0,185732,1,9,1,6,4,1,0,0,30,0
19,0,571853,1,9,1,6,4,2,0,0,30,0
36,0,134367,1,9,2,6,4,1,0,0,30,0
32,0,394708,1,9,1,6,5,2,0,0,40,0
36,0,749105,1,9,2,6,5,1,0,0,36,0
39,0,114678,1,9,2,6,5,1,5455,0,40,0
32,2,182691,1,9,1,6,5,2,0,0,60,0
38,0,26987,1,9,2,6,5,1,0,0,40,0
47,1,53498,1,9,2,6,5,1,0,0,40,0
29,1,182344,1,9,3,6,5,2,0,0,40,0
58,1,136982,1,9,3,6,5,1,0,0,40,0
48,2,96975,1,9,2,6,5,1,0,0,45,0
46,2,112485,1,9,2,6,5,1,0,0,40,0
41,2,196001,1,9,0,6,1,1,0,0,20,0
44,0,204314,1,9,0,6,1,1,0,0,38,1
47,1,194360,1,9,0,6,1,1,0,0,7,1
36,0,126569,1,9,0,8,0,2,0,0,45,1
45,0,256866,1,9,0,8,0,2,0,0,45,1
54,1,51048,1,9,0,8,0,2,0,0,40,1
42,0,154076,1,9,0,8,0,2,7688,0,50,1
32,0,131224,1,9,0,8,0,2,0,0,40,0
52,2,283079,1,9,1,8,3,2,0,0,50,0
29,0,276345,1,9,1,8,3,1,0,0,50,0
51,0,93193,1,9,2,8,3,1,0,0,40,0
53,0,346871,1,9,2,8,3,2,4787,0,46,1
20,0,374116,1,9,1,8,6,1,0,0,40,0
28,0,134813,1,9,1,8,4,2,0,0,40,0
21,0,548303,1,9,0,8,4,2,0,0,40,1
37,0,25864,1,9,2,8,5,1,0,0,40,0
61,2,171840,1,9,3,8,5,1,0,0,16,0
42,0,334783,1,9,0,8,1,1,0,0,40,0
40,0,184846,1,9,0,8,1,1,5178,0,40,1
36,1,119272,1,9,0,7,0,2,7298,0,40,1
31,1,206297,1,9,0,7,0,2,0,0,40,1
30,1,144064,1,9,0,7,0,2,0,0,40,1
47,1,148995,1,9,0,7,0,2,0,0,60,1
51,0,152596,1,9,0,7,0,2,0,0,40,0
23,1,237498,1,9,1,7,3,2,0,0,45,0
29,1,92262,1,9,1,7,4,2,0,0,48,0
28,0,190060,1,9,0,9,0,2,0,0,40,1
35,0,191103,1,9,0,9,0,2,0,0,40,0
28,0,66095,1,9,0,9,0,2,0,0,40,0
40,0,146659,1,9,0,9,0,2,0,0,60,1
38,2,184456,1,9,0,9,0,2,0,0,55,1
47,0,191957,1,9,0,9,0,2,0,0,40,1
57,2,247337,1,9,0,9,0,2,0,0,72,0
50,0,237868,1,9,0,9,0,2,0,1887,55,1
53,2,197189,1,9,0,9,0,2,0,0,72,1
26,0,266505,1,9,0,9,0,2,5013,0,38,0
60,2,106118,1,9,0,9,0,2,0,0,70,1
54,0,36480,1,9,0,9,0,2,15024,0,50,1
59,2,188877,1,9,0,9,0,2,0,0,50,1
55,2,126117,1,9,3,9,3,2,0,0,40,0
23,0,350181,1,9,1,9,3,2,0,0,40,0
44,2,274363,1,9,2,9,3,2,0,0,50,0
23,0,129121,1,9,2,9,3,1,0,0,30,0
36,2,269509,1,9,2,9,3,2,0,0,35,0
51,0,201127,1,9,2,9,3,2,0,0,45,0
36,0,169926,1,9,2,9,3,1,0,0,40,0
43,0,175943,1,9,0,9,6,1,0,0,20,0
18,0,91525,1,9,1,9,6,2,0,0,25,0
39,2,93319,1,9,1,9,6,1,0,0,4,0
25,0,111243,1,9,1,9,6,1,0,0,50,0
23,0,442359,1,9,1,9,4,1,8614,0,15,1
32,0,48458,1,9,1,9,4,1,0,1669,45,0
26,0,195327,1,9,1,9,4,2,0,0,40,0
19,0,111232,1,9,1,9,4,2,0,0,40,0
35,0,148903,1,9,2,9,5,1,0,0,40,0
19,0,188864,1,9,1,9,5,1,0,0,20,0
35,0,306388,1,9,2,9,5,1,0,0,30,0
31,0,78662,1,9,2,9,5,1,0,0,40,0
25,0,178037,1,9,1,9,5,2,0,0,40,0
41,0,196001,1,9,0,9,1,1,0,0,20,0
33,0,181824,1,9,0,9,1,1,0,0,20,0
36,2,20333,1,9,0,9,1,1,7688,0,40,1
34,0,143699,1,9,0,9,1,1,0,0,15,0
38,2,423616,1,9,0,9,1,1,0,0,24,1
43,0,143809,1,9,0,10,0,2,0,0,40,0
51,1,27166,1,9,0,10,0,2,0,0,40,0
46,1,273771,1,9,0,10,0,2,0,0,40,0
27,1,157449,1,9,0,10,0,2,0,0,50,1
52,0,210736,1,9,0,10,0,2,0,0,40,1
24,0,88926,1,9,1,10,3,2,0,0,45,0
23,0,176178,1,9,1,10,4,1,0,0,40,0
20,1,113588,1,9,1,10,4,1,0,0,24,0
59,0,109015,1,9,2,10,5,1,0,0,40,0
59,0,277034,1,9,2,10,5,2,0,0,60,1
50,0,137815,1,9,0,11,0,2,0,0,60,1
40,2,179533,1,9,0,11,0,2,0,0,75,1
39,2,122852,1,9,0,11,0,2,0,0,45,1
43,0,395997,1,9,0,11,0,2,0,0,55,0
47,0,194698,1,9,0,11,0,2,0,0,50,0
35,1,231180,1,9,0,11,0,2,0,0,45,0
47,0,34845,1,9,0,11,0,2,0,0,60,0
47,1,224559,1,9,0,11,0,2,0,0,40,1
43,0,249771,1,9,0,11,0,2,0,0,99,0
46,1,29696,1,9,0,11,0,2,0,0,40,0
69,0,229418,1,9,0,11,0,2,0,0,40,0
59,0,175942,1,9,0,11,0,2,0,0,45,1
44,0,59474,1,9,0,11,0,2,0,0,40,1
55,0,204751,1,9,0,11,0,2,0,0,65,0
46,2,157117,1,9,0,11,0,2,0,0,40,0
41,1,48997,1,9,0,11,0,2,0,0,40,0
51,0,30008,1,9,0,11,0,2,0,0,60,0
33,0,149726,1,9,0,11,0,2,0,0,46,0
50,0,378747,1,9,0,11,0,2,0,0,40,0
33,0,89360,1,9,0,11,0,2,5178,0,55,1
51,2,111939,1,9,0,11,0,2,0,0,35,1
55,0,234213,1,9,0,11,0,2,0,0,60,0
47,0,268022,1,9,0,11,0,2,0,0,55,1
37,2,68899,1,9,0,11,0,2,0,0,60,1
29,0,100563,1,9,1,11,4,2,0,0,40,0
26,0,154093,1,9,1,11,4,2,0,0,40,0
57,0,34269,1,9,3,11,5,2,0,653,42,1
61,0,80896,1,9,2,11,5,2,0,0,45,1
34,1,240283,1,9,2,11,5,1,0,0,40,0
35,0,143059,1,9,0,11,1,1,0,1902,28,1
54,1,31533,4,14,0,0,0,2,7298,0,40,1
44,0,456236,4,14,0,0,0,2,0,0,40,0
33,0,171215,4,14,1,0,4,2,0,0,40,0
47,0,121836,4,14,0,0,1,1,7688,0,38,1
42,0,154374,4,14,0,1,0,2,0,0,55,1
30,1,352045,4,14,2,1,3,2,99999,0,40,1
45,2,246891,4,14,2,1,3,2,0,0,40,0
47,2,332355,4,14,0,2,0,2,15024,0,50,1
43,1,129298,4,14,0,2,0,2,0,0,40,1
38,0,91039,4,14,0,2,0,2,0,0,65,1
61,0,166789,4,14,0,2,0,2,0,2246,50,1
51,0,48343,4,14,0,2,0,2,7298,0,50,1
37,0,126569,4,14,0,2,0,2,0,1977,40,1
51,1,166459,4,14,0,2,0,2,0,0,40,1
38,0,277248,4,14,0,2,0,2,0,0,60,1
45,1,211399,4,14,0,2,0,2,7298,0,40,1
49,0,170871,4,14,0,2,0,2,0,0,45,1
52,1,311569,4,14,0,2,0,2,0,0,50,1
47,0,190139,4,14,0,2,0,2,0,0,40,1
41,0,445382,4,14,0,2,0,2,0,1977,65,1
40,0,205680,4,14,0,2,0,2,0,0,50,0
39,0,505119,4,14,0,2,0,2,0,0,40,1
41,0,201495,4,14,0,2,0,2,0,0,40,1
47,1,285060,4,14,0,2,0,2,0,1977,41,1
43,2,188436,4,14,0,2,0,2,5013,0,45,0
50,0,158680,4,14,0,2,0,2,0,0,50,1
30,0,378009,4,14,0,2,0,2,0,0,50,1
36,0,305319,4,14,0,2,0,2,0,0,50,1
37,0,353550,4,14,0,2,0,2,15024,0,60,1
41,0,104196,4,14,0,2,0,2,0,0,50,1
46,0,117849,4,14,0,2,0,2,99999,0,50,1
31,0,176185,4,14,0,2,0,2,0,0,60,1
27,0,329426,4,14,1,2,3,2,0,0,37,0
34,2,174215,4,14,1,2,3,1,4787,0,45,1
44,1,339346,4,14,1,2,3,1,10520,0,60,1
44,0,765214,4,14,2,2,3,2,0,2559,40,1
45,1,86618,4,14,1,2,3,1,0,0,50,1
46,0,178829,4,14,3,2,3,2,0,0,70,1
47,1,304512,4,14,2,2,3,2,0,0,50,1
53,0,341439,4,14,1,2,3,1,0,0,60,1
27,0,116372,4,14,1,2,3,1,0,0,40,0
60,0,39263,4,14,1,2,3,1,3325,0,35,0
38,0,255941,4,14,1,2,3,1,10520,0,50,1
59,0,47534,4,14,2,2,3,1,0,0,45,1
58,1,36091,4,14,1,2,3,1,0,0,40,0
67,1,103315,4,14,1,2,6,1,15831,0,72,1
33,0,347623,4,14,1,2,5,2,0,0,40,0
46,1,124071,4,14,2,2,5,1,0,0,65,1
44,0,79864,4,14,2,2,5,1,0,0,20,0
41,0,211253,4,14,0,2,1,1,0,0,40,1
42,2,27187,4,14,0,3,0,2,0,0,60,1
39,0,270557,4,14,2,6,3,1,0,0,50,1
57,0,437727,4,14,0,8,0,2,0,1977,45,1
31,1,190305,4,14,0,8,0,2,0,0,50,0
36,0,48855,4,14,0,8,0,2,0,0,38,1
56,1,191754,4,14,0,8,0,2,0,0,50,1
43,1,36924,4,14,0,8,0,2,0,0,40,1
52,1,230112,4,14,0,8,0,2,0,0,40,1
57,1,32694,4,14,0,8,0,2,0,0,50,1
55,2,157486,4,14,0,8,0,2,7298,0,40,1
40,1,153031,4,14,0,8,0,2,7298,0,35,1
50,1,145879,4,14,0,8,0,2,7688,0,40,1
43,0,304175,4,14,0,8,0,2,0,0,50,1
62,1,176839,4,14,0,8,0,2,0,0,10,0
39,0,194404,4,14,0,8,0,2,7688,0,40,1
48,0,109832,4,14,0,8,0,2,0,1902,40,1
58,1,217802,4,14,0,8,0,2,7688,0,45,1
28,0,51461,4,14,0,8,0,2,0,0,60,0
39,1,153976,4,14,0,8,0,2,0,0,40,1
43,1,198965,4,14,0,8,0,2,0,0,40,1
55,1,190091,4,14,0,8,0,2,0,0,50,1
37,0,207066,4,14,0,8,0,2,0,0,70,0
37,0,50837,4,14,0,8,0,2,0,0,45,1
54,0,260052,4,14,0,8,0,2,0,0,40,1
34,1,34104,4,14,0,8,0,2,7688,0,38,1
30,0,196342,4,14,1,8,3,2,0,0,40,0
53,0,156843,4,14,1,8,3,1,0,1564,54,1
51,1,172022,4,14,1,8,3,2,0,0,40,1
46,1,140219,4,14,2,8,3,1,8614,0,55,1
54,1,166774,4,14,1,8,3,1,0,0,45,1
42,0,111483,4,14,1,8,3,2,0,0,48,1
40,0,222011,4,14,1,8,3,1,3325,0,40,0
44,1,141186,4,14,2,8,3,1,8614,0,35,1
39,0,32146,4,14,1,8,3,2,0,0,60,0
40,1,231832,4,14,1,8,3,1,0,0,40,0
46,1,258498,4,14,2,8,5,1,0,0,40,0
68,1,233954,4,14,3,8,5,1,0,0,40,1
53,1,137250,4,14,3,8,5,1,0,1669,35,0
43,1,92374,4,14,0,8,1,1,0,0,35,1
38,0,185053,4,14,0,8,1,1,0,0,20,1
28,1,33662,4,14,0,8,1,1,7298,0,40,1
48,1,98010,4,14,0,8,1,1,0,0,16,1
31,0,181388,4,14,0,8,1,1,0,1902,45,1
39,1,122011,4,14,0,8,1,1,5178,0,38,1
49,1,349633,4,14,0,8,1,1,0,0,50,1
46,1,110110,4,14,0,8,1,1,0,0,65,1
46,1,324561,4,14,0,8,1,1,0,0,45,1
42,0,183241,4,14,0,8,1,1,0,0,45,1
43,1,186916,4,14,2,7,3,2,0,0,60,1
35,0,224512,4,14,0,9,0,2,0,0,55,1
50,2,145419,4,14,0,9,0,2,7688,0,45,1
41,0,201908,4,14,0,9,0,2,0,0,20,0
44,0,118947,4,14,0,9,0,2,0,0,44,1
35,2,190895,4,14,0,9,0,2,0,0,40,1
55,0,185459,4,14,0,9,0,2,0,0,50,1
57,2,119253,4,14,0,9,0,2,15024,0,65,1
28,0,192283,4,14,3,9,3,1,0,0,80,1
28,0,70240,4,14,1,9,4,1,0,0,36,0
31,2,162442,4,14,1,9,4,1,27828,0,40,1
26,0,198163,4,14,0,9,1,1,0,0,40,0
43,0,72338,4,14,0,10,0,2,0,0,40,1
38,0,46706,4,14,0,10,0,2,0,0,20,0
17,0,38611,0,7,1,0,4,1,0,0,23,0
45,0,99179,0,7,3,0,5,1,0,0,40,0
40,0,210493,0,7,3,0,5,1,0,0,40,0
51,0,120914,0,4,0,1,0,2,2961,0,40,0
35,2,216256,0,5,0,1,0,2,0,0,50,0
30,0,93973,0,7,0,1,0,2,0,0,40,0
66,0,22313,0,7,0,1,0,2,0,0,20,0
36,2,136028,0,5,0,1,0,2,0,0,30,0
28,0,365745,0,5,0,1,0,2,0,0,40,0
55,0,200217,0,6,0,1,0,2,0,0,40,1
28,0,64307,0,4,0,1,0,2,0,0,40,0
30,0,285855,0,5,0,1,0,2,0,0,40,0
49,0,232586,0,3,0,1,0,2,0,0,40,0
51,0,43354,0,7,0,1,0,2,0,0,40,1
30,0,123178,0,6,1,1,3,2,0,0,50,0
29,0,296450,0,4,1,1,3,2,0,0,40,0
36,0,250807,0,7,1,1,3,1,0,0,40,0
50,0,204518,0,4,2,1,3,2,0,0,40,0
26,0,176146,0,3,2,1,3,2,0,0,35,0
38,0,141550,0,6,2,1,3,2,0,0,40,0
26,0,109457,0,6,0,1,6,2,0,0,48,0
36,0,227615,0,3,3,1,6,2,0,0,32,0
19,0,105460,0,5,1,1,4,2,0,0,20,0
22,0,320615,0,4,1,1,4,2,0,0,35,0
23,0,133985,0,6,1,1,4,1,0,0,40,0
54,0,225307,0,7,2,1,4,1,0,0,50,1
26,0,255193,0,7,0,2,0,2,3411,0,40,0
53,0,278114,0,4,0,2,0,2,0,0,40,1
52,0,117295,0,2,0,2,0,2,0,0,50,1
31,0,86958,0,5,0,2,1,1,0,0,40,0
62,2,147393,0,4,0,3,0,2,0,0,40,1
25,0,350850,0,4,0,3,0,2,0,0,50,1
60,0,74422,0,3,0,3,0,2,0,0,44,0
32,2,27207,0,7,0,3,0,2,0,0,80,0
38,0,93287,0,7,0,3,0,2,0,0,40,0
48,2,104790,0,7,0,3,0,2,0,0,50,1
83,2,243567,0,7,1,3,3,2,0,0,20,0
18,2,194091,0,7,1,3,4,2,0,0,24,0
18,2,258474,0,6,1,3,4,2,0,0,40,0
36,0,324231,0,5,1,3,5,1,0,0,40,0
61,0,191188,0,6,3,3,5,2,0,0,20,0
65,0,36209,0,6,0,4,0,2,0,0,22,1
51,1,264457,0,7,0,4,0,2,0,0,40,0
28,0,241431,0,8,0,4,0,2,0,0,40,0
38,0,257735,0,5,0,4,0,2,0,0,40,0
24,0,196269,0,7,0,4,0,2,0,0,40,0
23,0,251073,0,6,1,4,3,2,0,0,40,0
19,0,275889,0,7,1,4,4,2,0,0,40,0
17,0,130806,0,6,1,4,4,2,0,0,24,0
47,1,33114,0,7,2,4,5,2,0,0,50,0
35,0,66304,0,6,0,5,0,2,0,0,45,0
52,0,302847,0,7,0,5,0,2,0,0,40,0
32,0,215047,0,4,0,5,0,2,0,0,40,0
61,0,32209,0,5,0,5,0,2,0,2051,40,0
49,0,168216,0,4,0,5,0,2,0,0,48,0
36,0,93225,0,7,0,5,0,2,0,0,40,0
55,0,208019,0,3,0,5,0,2,0,0,40,0
51,0,240988,0,7,0,5,0,2,0,0,40,0
47,0,185385,0,6,0,5,0,2,0,0,40,1
52,0,200783,0,4,0,5,0,2,0,0,60,0
58,0,106707,0,3,0,5,0,2,0,0,48,0
57,0,230899,0,3,2,5,3,1,0,0,40,0
28,0,70034,0,5,1,5,4,2,0,0,40,0
61,0,242552,0,3,0,5,1,1,0,0,37,0
58,0,236731,0,2,0,6,0,2,0,0,40,0
56,0,195668,0,6,0,6,0,2,0,0,35,1
46,1,375675,0,8,0,6,0,2,0,0,35,1
35,0,176756,0,8,0,6,0,2,0,0,40,0
34,0,202498,0,8,0,6,0,2,0,0,40,0
19,0,25429,0,8,1,6,4,1,0,0,20,0
18,0,266681,0,7,1,6,4,2,0,0,20,0
17,0,295488,0,7,1,6,4,1,0,0,25,0
17,0,133449,0,5,1,6,4,2,0,0,26,0
18,0,156874,0,8,1,6,4,2,0,0,27,0
56,0,71388,0,5,2,6,5,1,0,0,40,0
29,0,130045,0,4,0,6,1,1,0,0,40,0
45,1,53123,0,7,0,6,1,1,0,0,25,0
49,0,323773,0,7,0,7,6,1,0,0,40,0
18,0,96869,0,8,1,7,4,2,0,0,40,0
18,0,430930,0,7,1,7,4,1,0,0,6,0
38,0,175360,0,6,1,8,3,2,0,2559,90,1
37,2,218249,0,7,2,8,5,1,0,0,30,0
71,0,258126,0,5,0,7,0,2,0,0,39,0
32,0,236543,0,8,2,7,4,2,0,0,54,0
17,1,175587,0,7,1,7,4,2,0,0,30,0
57,0,226875,0,4,0,9,0,2,0,0,50,0
20,0,221661,0,6,1,9,3,1,0,0,30,0
58,2,211547,0,8,2,9,3,1,0,0,52,0
18,0,150817,0,7,1,9,4,1,0,0,20,0
18,2,157131,0,7,1,9,4,1,0,0,40,0
17,0,163494,0,6,1,9,4,2,0,0,30,0
18,0,199039,0,8,1,9,4,2,594,0,14,0
18,0,478380,0,7,1,9,4,1,0,0,25,0
75,0,185603,0,6,3,10,3,1,0,0,32,0
59,2,170411,0,4,0,11,0,2,0,0,40,0
32,0,29312,0,6,0,11,0,2,0,0,80,1
47,0,100113,0,4,0,11,0,2,0,2051,40,0
46,2,525848,0,7,0,11,0,2,0,0,48,0
53,0,137428,0,4,0,11,0,2,0,0,60,1
71,0,244688,0,4,0,11,0,2,6514,0,40,1
32,0,108256,0,8,0,11,0,2,0,0,60,1
19,0,176806,0,5,0,11,0,2,0,0,40,0
36,2,328466,0,3,0,11,0,2,0,0,50,1
47,1,103743,0,4,0,11,0,2,0,0,40,0
58,0,103540,0,4,0,11,0,2,0,0,40,0
37,0,278632,0,5,0,11,0,2,0,0,40,0
39,0,177181,0,4,0,11,0,2,0,0,40,0
56,0,103948,0,7,0,11,0,2,0,0,40,0
66,0,86010,0,6,3,11,3,1,0,0,11,0
55,0,112529,0,3,1,11,3,2,0,0,40,0
54,0,378747,0,6,2,11,5,2,0,0,45,1